multiview.js?v=0.7.4:223 [probe]      3ms 枠1/ probe.boot top=https://kuronekorou39.github.io
multiview.js?v=0.7.4:223 [probe]   1223ms 枠1/ beat video無し
multiview.js?v=0.7.4:223 [probe]   1382ms 枠1/ new Worker
59704-c5fceea67f500a8ce7ff.js:1 14:38:14 [ERROR] Unhandled promise rejection. TypeError: Class constructor Worker cannot be invoked without 'new'
    at new obj.<computed> (crash-probe.js:51:21)
    at Module.fi (player-core-variant-a-8f0b728747727f5107ae.js:1:364673)
    at I (core-f95946302f52562cb558.js:25:323775)
    at async T (core-f95946302f52562cb558.js:25:324557)
writeToConsole @ 59704-c5fceea67f500a8ce7ff.js:1
N.write @ 59704-c5fceea67f500a8ce7ff.js:1
N.onUnhandledPromiseRejection @ 59704-c5fceea67f500a8ce7ff.js:1
multiview.js?v=0.7.4:223 [probe]   1397ms 枠1/ unhandledrejection Class constructor Worker cannot be invoked without 'new'
multiview.js?v=0.7.4:223 [probe]   2303ms 枠1/ beat video無し
vaft-twitch.js:979 Replaced 'site' player type with 'popout' player type
[Violation] Permissions policy violation: unload is not allowed in this document.
[Violation] Permissions policy violation: unload is not allowed in this document.
[Violation] Permissions policy violation: unload is not allowed in this document.
[Violation] Permissions policy violation: unload is not allowed in this document.
[Violation] Permissions policy violation: unload is not allowed in this document.
[Violation] Permissions policy violation: unload is not allowed in this document.
59704-c5fceea67f500a8ce7ff.js:1 14:38:16 [ERROR] [loadPlayerSDK] Failed to load player SDK TypeError: Class constructor Worker cannot be invoked without 'new'
    at new obj.<computed> (crash-probe.js:51:21)
    at Module.fi (player-core-variant-a-8f0b728747727f5107ae.js:1:364673)
    at I (core-f95946302f52562cb558.js:25:323775)
    at async T (core-f95946302f52562cb558.js:25:324557)
    at async p (74138-4e77fd46d499cb007441.js:1:259802)
    at async v (74138-4e77fd46d499cb007441.js:1:259701)
    at async m (74138-4e77fd46d499cb007441.js:1:258683)
    at async ir.componentDidMount (74138-4e77fd46d499cb007441.js:1:212856) {type: 'ivs-player-core', playerCoreConfig: {…}}
writeToConsole @ 59704-c5fceea67f500a8ce7ff.js:1
N.write @ 59704-c5fceea67f500a8ce7ff.js:1
N.write @ 59704-c5fceea67f500a8ce7ff.js:1
errorAndReport @ 59704-c5fceea67f500a8ce7ff.js:1
m @ 74138-4e77fd46d499cb007441.js:1
await in m
componentDidMount @ 74138-4e77fd46d499cb007441.js:1
wc @ 24510-0fc65c224fbf557ebaa2.js:1
yc @ 24510-0fc65c224fbf557ebaa2.js:1
yc @ 24510-0fc65c224fbf557ebaa2.js:1
bc @ 24510-0fc65c224fbf557ebaa2.js:1
(anonymous) @ 24510-0fc65c224fbf557ebaa2.js:1
kl @ 24510-0fc65c224fbf557ebaa2.js:1
cl @ 24510-0fc65c224fbf557ebaa2.js:1
Vo @ 24510-0fc65c224fbf557ebaa2.js:1
(anonymous) @ 24510-0fc65c224fbf557ebaa2.js:1
multiview.js?v=0.7.4:223 [probe]   3084ms 枠1/ new Worker
multiview.js?v=0.7.4:223 [probe]   3141ms 枠1/ beat video無し
multiview.js?v=0.7.4:223 [probe]   4014ms 枠1/ beat video無し
59704-c5fceea67f500a8ce7ff.js:1 14:38:17 [ERROR] [loadPlayerSDK] Failed to load player SDK TypeError: Class constructor Worker cannot be invoked without 'new'
    at new obj.<computed> (crash-probe.js:51:21)
    at Module.fi (player-core-variant-a-8f0b728747727f5107ae.js:1:364673)
    at I (core-f95946302f52562cb558.js:25:323775)
    at async T (core-f95946302f52562cb558.js:25:324557)
    at async p (74138-4e77fd46d499cb007441.js:1:259802)
    at async v (74138-4e77fd46d499cb007441.js:1:259701)
    at async m (74138-4e77fd46d499cb007441.js:1:258683)
    at async ir.componentDidMount (74138-4e77fd46d499cb007441.js:1:212856) {type: 'ivs-player-core', playerCoreConfig: {…}}
writeToConsole @ 59704-c5fceea67f500a8ce7ff.js:1
N.write @ 59704-c5fceea67f500a8ce7ff.js:1
N.write @ 59704-c5fceea67f500a8ce7ff.js:1
errorAndReport @ 59704-c5fceea67f500a8ce7ff.js:1
m @ 74138-4e77fd46d499cb007441.js:1
await in m
componentDidMount @ 74138-4e77fd46d499cb007441.js:1
wc @ 24510-0fc65c224fbf557ebaa2.js:1
yc @ 24510-0fc65c224fbf557ebaa2.js:1
bc @ 24510-0fc65c224fbf557ebaa2.js:1
(anonymous) @ 24510-0fc65c224fbf557ebaa2.js:1
kl @ 24510-0fc65c224fbf557ebaa2.js:1
cl @ 24510-0fc65c224fbf557ebaa2.js:1
Vo @ 24510-0fc65c224fbf557ebaa2.js:1
(anonymous) @ 24510-0fc65c224fbf557ebaa2.js:1
multiview.js?v=0.7.4:223 [probe]   4740ms 枠1/ new Worker
multiview.js?v=0.7.4:223 [probe]   5149ms 枠1/ beat video無し
multiview.js?v=0.7.4:223 [probe]   6073ms 枠1/ beat video無し | getContext:2d=2
multiview.js?v=0.7.4:223 [probe]   7135ms 枠1/ beat video無し
multiview.js?v=0.7.4:223 [probe]   8004ms 枠1/ beat video無し
multiview.js?v=0.7.4:223 [probe]   9010ms 枠1/ beat video無し
multiview.js?v=0.7.4:223 [probe]      1ms 枠2/ probe.boot top=https://kuronekorou39.github.io
multiview.js?v=0.7.4:223 [probe]    845ms 枠2/ new Worker
multiview.js?v=0.7.4:223 [probe]  10145ms 枠1/ beat video無し
59704-c5fceea67f500a8ce7ff.js:1 14:38:23 [ERROR] Unhandled promise rejection. TypeError: Class constructor Worker cannot be invoked without 'new'
    at new obj.<computed> (crash-probe.js:51:21)
    at Module.fi (player-core-variant-a-8f0b728747727f5107ae.js:1:364673)
    at I (core-f95946302f52562cb558.js:25:323775)
    at async T (core-f95946302f52562cb558.js:25:324557)
writeToConsole @ 59704-c5fceea67f500a8ce7ff.js:1
N.write @ 59704-c5fceea67f500a8ce7ff.js:1
N.onUnhandledPromiseRejection @ 59704-c5fceea67f500a8ce7ff.js:1
multiview.js?v=0.7.4:223 [probe]    886ms 枠2/ unhandledrejection Class constructor Worker cannot be invoked without 'new'
multiview.js?v=0.7.4:223 [probe]   1031ms 枠2/ beat video無し
multiview.js?v=0.7.4:223 [probe]  11252ms 枠1/ beat video無し
vaft-twitch.js:979 Replaced 'site' player type with 'popout' player type
multiview.js?v=0.7.4:223 [probe]   2032ms 枠2/ beat video無し
59704-c5fceea67f500a8ce7ff.js:1 14:38:24 [ERROR] [loadPlayerSDK] Failed to load player SDK TypeError: Class constructor Worker cannot be invoked without 'new'
    at new obj.<computed> (crash-probe.js:51:21)
    at Module.fi (player-core-variant-a-8f0b728747727f5107ae.js:1:364673)
    at I (core-f95946302f52562cb558.js:25:323775)
    at async T (core-f95946302f52562cb558.js:25:324557)
    at async p (74138-4e77fd46d499cb007441.js:1:259802)
    at async v (74138-4e77fd46d499cb007441.js:1:259701)
    at async m (74138-4e77fd46d499cb007441.js:1:258683)
    at async ir.componentDidMount (74138-4e77fd46d499cb007441.js:1:212856) {type: 'ivs-player-core', playerCoreConfig: {…}}
writeToConsole @ 59704-c5fceea67f500a8ce7ff.js:1
N.write @ 59704-c5fceea67f500a8ce7ff.js:1
N.write @ 59704-c5fceea67f500a8ce7ff.js:1
errorAndReport @ 59704-c5fceea67f500a8ce7ff.js:1
m @ 74138-4e77fd46d499cb007441.js:1
await in m
componentDidMount @ 74138-4e77fd46d499cb007441.js:1
wc @ 24510-0fc65c224fbf557ebaa2.js:1
yc @ 24510-0fc65c224fbf557ebaa2.js:1
yc @ 24510-0fc65c224fbf557ebaa2.js:1
bc @ 24510-0fc65c224fbf557ebaa2.js:1
(anonymous) @ 24510-0fc65c224fbf557ebaa2.js:1
kl @ 24510-0fc65c224fbf557ebaa2.js:1
cl @ 24510-0fc65c224fbf557ebaa2.js:1
Vo @ 24510-0fc65c224fbf557ebaa2.js:1
(anonymous) @ 24510-0fc65c224fbf557ebaa2.js:1
multiview.js?v=0.7.4:223 [probe]   2466ms 枠2/ new Worker
multiview.js?v=0.7.4:223 [probe]  12006ms 枠1/ beat video無し
multiview.js?v=0.7.4:223 [probe]   3002ms 枠2/ beat video無し
multiview.js?v=0.7.4:223 [probe]  13005ms 枠1/ beat video無し
multiview.js?v=0.7.4:223 [probe]   4023ms 枠2/ beat video無し
multiview.js?v=0.7.4:223 [probe]  14012ms 枠1/ beat video無し
multiview.js?v=0.7.4:223 [probe]   5061ms 枠2/ beat video無し
multiview.js?v=0.7.4:223 [probe]  15009ms 枠1/ beat video無し
multiview.js?v=0.7.4:223 [probe]   6002ms 枠2/ beat video無し
multiview.js?v=0.7.4:223 [probe]  16014ms 枠1/ beat video無し
multiview.js?v=0.7.4:223 [probe]   7004ms 枠2/ beat video無し
59704-c5fceea67f500a8ce7ff.js:1 14:38:29 [ERROR] [loadPlayerSDK] Failed to load player SDK TypeError: Class constructor Worker cannot be invoked without 'new'
    at new obj.<computed> (crash-probe.js:51:21)
    at Module.fi (player-core-variant-a-8f0b728747727f5107ae.js:1:364673)
    at I (core-f95946302f52562cb558.js:25:323775)
    at async T (core-f95946302f52562cb558.js:25:324557)
    at async p (74138-4e77fd46d499cb007441.js:1:259802)
    at async v (74138-4e77fd46d499cb007441.js:1:259701)
    at async m (74138-4e77fd46d499cb007441.js:1:258683)
    at async ir.componentDidMount (74138-4e77fd46d499cb007441.js:1:212856) {type: 'ivs-player-core', playerCoreConfig: {…}}
writeToConsole @ 59704-c5fceea67f500a8ce7ff.js:1
N.write @ 59704-c5fceea67f500a8ce7ff.js:1
N.write @ 59704-c5fceea67f500a8ce7ff.js:1
errorAndReport @ 59704-c5fceea67f500a8ce7ff.js:1
m @ 74138-4e77fd46d499cb007441.js:1
await in m
componentDidMount @ 74138-4e77fd46d499cb007441.js:1
wc @ 24510-0fc65c224fbf557ebaa2.js:1
yc @ 24510-0fc65c224fbf557ebaa2.js:1
bc @ 24510-0fc65c224fbf557ebaa2.js:1
(anonymous) @ 24510-0fc65c224fbf557ebaa2.js:1
kl @ 24510-0fc65c224fbf557ebaa2.js:1
cl @ 24510-0fc65c224fbf557ebaa2.js:1
Vo @ 24510-0fc65c224fbf557ebaa2.js:1
(anonymous) @ 24510-0fc65c224fbf557ebaa2.js:1
multiview.js?v=0.7.4:223 [probe]   7407ms 枠2/ new Worker
multiview.js?v=0.7.4:223 [probe]  17156ms 枠1/ beat video無し
multiview.js?v=0.7.4:223 [probe]   8015ms 枠2/ beat video無し | getContext:2d=2
multiview.js?v=0.7.4:223 [probe]  18247ms 枠1/ beat video無し
multiview.js?v=0.7.4:223 [probe]   9117ms 枠2/ beat video無し
multiview.js?v=0.7.4:223 [probe]  19274ms 枠1/ beat video無し
multiview.js?v=0.7.4:223 [probe]  10066ms 枠2/ beat video無し
multiview.js?v=0.7.4:223 [probe]  20012ms 枠1/ beat video無し
multiview.js?v=0.7.4:223 [probe]  11007ms 枠2/ beat video無し
multiview.js?v=0.7.4:223 [probe]  21011ms 枠1/ beat video無し
multiview.js?v=0.7.4:223 [probe]  12006ms 枠2/ beat video無し
multiview.js?v=0.7.4:223 [probe]  22007ms 枠1/ beat video無し
multiview.js?v=0.7.4:223 [probe]  13004ms 枠2/ beat video無し
multiview.js?v=0.7.4:223 [probe]  23012ms 枠1/ beat video無し
multiview.js?v=0.7.4:223 [probe]  14004ms 枠2/ beat video無し
multiview.js?v=0.7.4:223 [probe]  24006ms 枠1/ beat video無し
multiview.js?v=0.7.4:223 [probe]  15004ms 枠2/ beat video無し
multiview.js?v=0.7.4:223 [probe]  25014ms 枠1/ beat video無し
multiview.js?v=0.7.4:223 [probe]  16007ms 枠2/ beat video無し
multiview.js?v=0.7.4:223 [probe]  26014ms 枠1/ beat video無し
multiview.js?v=0.7.4:223 [probe]  17006ms 枠2/ beat video無し
multiview.js?v=0.7.4:223 [probe]  27014ms 枠1/ beat video無し
multiview.js?v=0.7.4:223 [probe]  18007ms 枠2/ beat video無し
multiview.js?v=0.7.4:223 [probe]  28011ms 枠1/ beat video無し
multiview.js?v=0.7.4:223 [probe]  19003ms 枠2/ beat video無し
multiview.js?v=0.7.4:223 [probe]  29019ms 枠1/ beat video無し
multiview.js?v=0.7.4:223 [probe]  20006ms 枠2/ beat video無し
multiview.js?v=0.7.4:223 [probe]  30014ms 枠1/ beat video無し
multiview.js?v=0.7.4:223 [probe]  21007ms 枠2/ beat video無し
multiview.js?v=0.7.4:223 [probe]  31016ms 枠1/ beat video無し
multiview.js?v=0.7.4:223 [probe]  22007ms 枠2/ beat video無し
multiview.js?v=0.7.4:223 [probe]  32018ms 枠1/ beat video無し
multiview.js?v=0.7.4:223 [probe]  23008ms 枠2/ beat video無し
multiview.js?v=0.7.4:223 [probe]  33014ms 枠1/ beat video無し
multiview.js?v=0.7.4:223 [probe]  24007ms 枠2/ beat video無し
multiview.js?v=0.7.4:223 [probe]  34006ms 枠1/ beat video無し
multiview.js?v=0.7.4:223 [probe]  25005ms 枠2/ beat video無し
multiview.js?v=0.7.4:223 [probe]  35015ms 枠1/ beat video無し
multiview.js?v=0.7.4:223 [probe]  26009ms 枠2/ beat video無し
multiview.js?v=0.7.4:223 [probe]  36022ms 枠1/ beat video無し
multiview.js?v=0.7.4:223 [probe]  27005ms 枠2/ beat video無し
multiview.js?v=0.7.4:223 [probe]  37010ms 枠1/ beat video無し
multiview.js?v=0.7.4:223 [probe]  28005ms 枠2/ beat video無し
multiview.js?v=0.7.4:223 [probe]  38131ms 枠1/ beat video無し
multiview.js?v=0.7.4:223 [probe]  29116ms 枠2/ beat video無し
multiview.js?v=0.7.4:223 [probe]  39004ms 枠1/ beat video無し
multiview.js?v=0.7.4:223 [probe]  30004ms 枠2/ beat video無し
multiview.js?v=0.7.4:223 [probe]  40003ms 枠1/ beat video無し
multiview.js?v=0.7.4:223 [probe]  31009ms 枠2/ beat video無し
multiview.js?v=0.7.4:223 [probe]  41033ms 枠1/ beat video無し
multiview.js?v=0.7.4:223 [probe]  32020ms 枠2/ beat video無し
multiview.js?v=0.7.4:223 [probe]  42017ms 枠1/ beat video無し
multiview.js?v=0.7.4:223 [probe]  33002ms 枠2/ beat video無し
multiview.js?v=0.7.4:223 [probe]  43015ms 枠1/ beat video無し
multiview.js?v=0.7.4:223 [probe]  34014ms 枠2/ beat video無し
multiview.js?v=0.7.4:223 [probe]  44012ms 枠1/ beat video無し
multiview.js?v=0.7.4:223 [probe]  35002ms 枠2/ beat video無し
multiview.js?v=0.7.4:223 [probe]  45015ms 枠1/ beat video無し
multiview.js?v=0.7.4:223 [probe]  36003ms 枠2/ beat video無し
multiview.js?v=0.7.4:223 [probe]      1ms 枠3/ probe.boot top=https://kuronekorou39.github.io
multiview.js?v=0.7.4:223 [probe]  46015ms 枠1/ beat video無し
multiview.js?v=0.7.4:223 [probe]  37013ms 枠2/ beat video無し
multiview.js?v=0.7.4:223 [probe]   1029ms 枠3/ beat video無し
multiview.js?v=0.7.4:223 [probe]  47012ms 枠1/ beat video無し
multiview.js?v=0.7.4:223 [probe]  38006ms 枠2/ beat video無し
multiview.js?v=0.7.4:223 [probe]   2004ms 枠3/ beat video無し
multiview.js?v=0.7.4:223 [probe]  48006ms 枠1/ beat video無し
multiview.js?v=0.7.4:223 [probe]  39005ms 枠2/ beat video無し
multiview.js?v=0.7.4:223 [probe]   3002ms 枠3/ beat video無し
multiview.js?v=0.7.4:223 [probe]  49014ms 枠1/ beat video無し
multiview.js?v=0.7.4:223 [probe]  40001ms 枠2/ beat video無し
multiview.js?v=0.7.4:223 [probe]   4003ms 枠3/ beat video無し
multiview.js?v=0.7.4:223 [probe]  50010ms 枠1/ beat video無し
multiview.js?v=0.7.4:223 [probe]  41005ms 枠2/ beat video無し
multiview.js?v=0.7.4:223 [probe]   5009ms 枠3/ beat video無し
multiview.js?v=0.7.4:223 [probe]  51011ms 枠1/ beat video無し
multiview.js?v=0.7.4:223 [probe]  42005ms 枠2/ beat video無し
multiview.js?v=0.7.4:223 [probe]   6008ms 枠3/ beat video無し
multiview.js?v=0.7.4:223 [probe]  52008ms 枠1/ beat video無し
multiview.js?v=0.7.4:223 [probe]  43004ms 枠2/ beat video無し
multiview.js?v=0.7.4:223 [probe]   7002ms 枠3/ beat video無し
multiview.js?v=0.7.4:223 [probe]  53004ms 枠1/ beat video無し
multiview.js?v=0.7.4:223 [probe]  44004ms 枠2/ beat video無し
multiview.js?v=0.7.4:223 [probe]   8009ms 枠3/ beat video無し
multiview.js?v=0.7.4:223 [probe]  54016ms 枠1/ beat video無し
multiview.js?v=0.7.4:223 [probe]  45006ms 枠2/ beat video無し
multiview.js?v=0.7.4:223 [probe]   9010ms 枠3/ beat video無し
multiview.js?v=0.7.4:223 [probe]  55016ms 枠1/ beat video無し
multiview.js?v=0.7.4:223 [probe]  46006ms 枠2/ beat video無し
multiview.js?v=0.7.4:223 [probe]  10010ms 枠3/ beat video無し
multiview.js?v=0.7.4:223 [probe]  56013ms 枠1/ beat video無し
multiview.js?v=0.7.4:223 [probe]  47001ms 枠2/ beat video無し
multiview.js?v=0.7.4:223 [probe]  11009ms 枠3/ beat video無し
multiview.js?v=0.7.4:223 [probe]  57017ms 枠1/ beat video無し
multiview.js?v=0.7.4:223 [probe]  48006ms 枠2/ beat video無し
multiview.js?v=0.7.4:223 [probe]  12009ms 枠3/ beat video無し
multiview.js?v=0.7.4:223 [probe]  58016ms 枠1/ beat video無し
multiview.js?v=0.7.4:223 [probe]  49004ms 枠2/ beat video無し
multiview.js?v=0.7.4:223 [probe]  13010ms 枠3/ beat video無し
multiview.js?v=0.7.4:223 [probe]  59009ms 枠1/ beat video無し
multiview.js?v=0.7.4:223 [probe]  50008ms 枠2/ beat video無し
multiview.js?v=0.7.4:223 [probe]  14007ms 枠3/ beat video無し
multiview.js?v=0.7.4:223 [probe]  60007ms 枠1/ beat video無し
multiview.js?v=0.7.4:223 [probe]  51006ms 枠2/ beat video無し
multiview.js?v=0.7.4:223 [probe]  15002ms 枠3/ beat video無し
multiview.js?v=0.7.4:223 [probe]  61004ms 枠1/ beat video無し
multiview.js?v=0.7.4:223 [probe]  15524ms 枠3/ media.load
multiview.js?v=0.7.4:223 [probe]  15524ms 枠3/ media.load
multiview.js?v=0.7.4:223 [probe]  52004ms 枠2/ beat video無し
multiview.js?v=0.7.4:223 [probe]      1ms 入れ子/supervisor/v1/index.html?in=web probe.boot top=https://kuronekorou39.github.io
multiview.js?v=0.7.4:223 [probe]  15736ms 枠3/ media.play VIDEO rs=0
multiview.js?v=0.7.4:223 [probe]  15750ms 枠3/ media.loadstart rs=0 ns=2
multiview.js?v=0.7.4:223 [probe]  15755ms 枠3/ media.waiting rs=0 ns=2
multiview.js?v=0.7.4:223 [probe]  15783ms 枠3/ media.play VIDEO rs=0
multiview.js?v=0.7.4:223 [probe]      0ms 入れ子/vp1m0v0z705k/2.0.0/po80zg783iv7hx5vu0ld/assets/export/prd/main/index.html probe.boot top=https://kuronekorou39.github.io
multiview.js?v=0.7.4:223 [probe]  15964ms 枠3/ MSE.addSourceBuffer audio/mp4;codecs=mp4a.40.2
multiview.js?v=0.7.4:223 [probe]  15964ms 枠3/ MSE.addSourceBuffer video/mp4;codecs=avc1.64002a
multiview.js?v=0.7.4:223 [probe]  16035ms 枠3/ beat video rs=1 t=3902.0 | appendBuffer=4 appendBytes=1521268
multiview.js?v=0.7.4:223 [probe]  16035ms 枠3/ media.loadedmetadata rs=1 ns=2
multiview.js?v=0.7.4:223 [probe]  16155ms 枠3/ media.canplay rs=4 ns=2
multiview.js?v=0.7.4:223 [probe]  16155ms 枠3/ media.playing rs=4 ns=2
favicon.ico:1  GET https://kuronekorou39.github.io/favicon.ico 404 (Not Found)
multiview.js?v=0.7.4:223 [probe]  62017ms 枠1/ beat video無し
multiview.js?v=0.7.4:223 [probe]      4ms 入れ子/embed/hvPY8lRsd2M?disablekb=1&fs=0&modestbranding=1&start probe.boot top=https://kuronekorou39.github.io
multiview.js?v=0.7.4:223 [probe]  53003ms 枠2/ beat video無し
multiview.js?v=0.7.4:223 [probe]   1005ms 入れ子/supervisor/v1/index.html?in=web beat video無し
multiview.js?v=0.7.4:223 [probe]   1004ms 入れ子/vp1m0v0z705k/2.0.0/po80zg783iv7hx5vu0ld/assets/export/prd/main/index.html beat video無し
multiview.js?v=0.7.4:223 [probe]    384ms 入れ子/embed/hvPY8lRsd2M?disablekb=1&fs=0&modestbranding=1&start media.load
multiview.js?v=0.7.4:223 [probe]  17048ms 枠3/ beat video rs=4 t=3902.7 | appendBuffer=8 appendBytes=6253719
multiview.js?v=0.7.4:223 [probe]  63004ms 枠1/ beat video無し
multiview.js?v=0.7.4:223 [probe]   1009ms 入れ子/embed/hvPY8lRsd2M?disablekb=1&fs=0&modestbranding=1&start beat video rs=0 t=0.0 paused | getContext:webgl=1
multiview.js?v=0.7.4:223 [probe]  54006ms 枠2/ beat video無し
multiview.js?v=0.7.4:223 [probe]   2001ms 入れ子/supervisor/v1/index.html?in=web beat video無し
multiview.js?v=0.7.4:223 [probe]   2004ms 入れ子/vp1m0v0z705k/2.0.0/po80zg783iv7hx5vu0ld/assets/export/prd/main/index.html beat video無し
bridge3.779.0_ja.html:699  GET https://sync.tidaltv.com/GenericUserSync.ashx?dpid=595&rid=be5b8ca384de4b57a76f007a030b093b net::ERR_NAME_NOT_RESOLVED
(anonymous) @ imasdk.googleapis.com/js/core/bridge3.779.0_ja.html:699
Aa @ imasdk.googleapis.com/js/core/bridge3.779.0_ja.html:16
Ca.next @ imasdk.googleapis.com/js/core/bridge3.779.0_ja.html:17
(anonymous) @ imasdk.googleapis.com/js/core/bridge3.779.0_ja.html:18
Da @ imasdk.googleapis.com/js/core/bridge3.779.0_ja.html:17
x @ imasdk.googleapis.com/js/core/bridge3.779.0_ja.html:18
dL @ imasdk.googleapis.com/js/core/bridge3.779.0_ja.html:699
(anonymous) @ imasdk.googleapis.com/js/core/bridge3.779.0_ja.html:698
Aa @ imasdk.googleapis.com/js/core/bridge3.779.0_ja.html:16
Ca.next @ imasdk.googleapis.com/js/core/bridge3.779.0_ja.html:17
(anonymous) @ imasdk.googleapis.com/js/core/bridge3.779.0_ja.html:18
Da @ imasdk.googleapis.com/js/core/bridge3.779.0_ja.html:17
x @ imasdk.googleapis.com/js/core/bridge3.779.0_ja.html:18
cL.Rg @ imasdk.googleapis.com/js/core/bridge3.779.0_ja.html:698
OU @ imasdk.googleapis.com/js/core/bridge3.779.0_ja.html:917
(anonymous) @ imasdk.googleapis.com/js/core/bridge3.779.0_ja.html:917
PU @ imasdk.googleapis.com/js/core/bridge3.779.0_ja.html:917
A9 @ imasdk.googleapis.com/js/core/bridge3.779.0_ja.html:1509
w9 @ imasdk.googleapis.com/js/core/bridge3.779.0_ja.html:1507
(anonymous) @ imasdk.googleapis.com/js/core/bridge3.779.0_ja.html:1506
(anonymous) @ imasdk.googleapis.com/js/core/bridge3.779.0_ja.html:1504
Hca @ imasdk.googleapis.com/js/core/bridge3.779.0_ja.html:1507
m.Qc @ imasdk.googleapis.com/js/core/bridge3.779.0_ja.html:1504
Gca @ imasdk.googleapis.com/js/core/bridge3.779.0_ja.html:1506
m.Qc @ imasdk.googleapis.com/js/core/bridge3.779.0_ja.html:1504
(anonymous) @ imasdk.googleapis.com/js/core/bridge3.779.0_ja.html:1507
(anonymous) @ imasdk.googleapis.com/js/core/bridge3.779.0_ja.html:1506
(anonymous) @ imasdk.googleapis.com/js/core/bridge3.779.0_ja.html:1512
Promise.then
E9.fetch @ imasdk.googleapis.com/js/core/bridge3.779.0_ja.html:1512
Jca @ imasdk.googleapis.com/js/core/bridge3.779.0_ja.html:1506
(anonymous) @ imasdk.googleapis.com/js/core/bridge3.779.0_ja.html:1505
Aa @ imasdk.googleapis.com/js/core/bridge3.779.0_ja.html:16
Ca.next @ imasdk.googleapis.com/js/core/bridge3.779.0_ja.html:17
b @ imasdk.googleapis.com/js/core/bridge3.779.0_ja.html:17
Promise.then
f @ imasdk.googleapis.com/js/core/bridge3.779.0_ja.html:18
(anonymous) @ imasdk.googleapis.com/js/core/bridge3.779.0_ja.html:18
Da @ imasdk.googleapis.com/js/core/bridge3.779.0_ja.html:17
x @ imasdk.googleapis.com/js/core/bridge3.779.0_ja.html:18
v9.Bk @ imasdk.googleapis.com/js/core/bridge3.779.0_ja.html:1505
Hca @ imasdk.googleapis.com/js/core/bridge3.779.0_ja.html:1507
m.Qc @ imasdk.googleapis.com/js/core/bridge3.779.0_ja.html:1504
Gca @ imasdk.googleapis.com/js/core/bridge3.779.0_ja.html:1506
m.Qc @ imasdk.googleapis.com/js/core/bridge3.779.0_ja.html:1504
(anonymous) @ imasdk.googleapis.com/js/core/bridge3.779.0_ja.html:1507
(anonymous) @ imasdk.googleapis.com/js/core/bridge3.779.0_ja.html:1506
(anonymous) @ imasdk.googleapis.com/js/core/bridge3.779.0_ja.html:1512
Promise.then
E9.fetch @ imasdk.googleapis.com/js/core/bridge3.779.0_ja.html:1512
Jca @ imasdk.googleapis.com/js/core/bridge3.779.0_ja.html:1506
(anonymous) @ imasdk.googleapis.com/js/core/bridge3.779.0_ja.html:1505
Aa @ imasdk.googleapis.com/js/core/bridge3.779.0_ja.html:16
Ca.next @ imasdk.googleapis.com/js/core/bridge3.779.0_ja.html:17
b @ imasdk.googleapis.com/js/core/bridge3.779.0_ja.html:17
Promise.then
f @ imasdk.googleapis.com/js/core/bridge3.779.0_ja.html:18
(anonymous) @ imasdk.googleapis.com/js/core/bridge3.779.0_ja.html:18
Da @ imasdk.googleapis.com/js/core/bridge3.779.0_ja.html:17
x @ imasdk.googleapis.com/js/core/bridge3.779.0_ja.html:18
v9.Bk @ imasdk.googleapis.com/js/core/bridge3.779.0_ja.html:1505
Hca @ imasdk.googleapis.com/js/core/bridge3.779.0_ja.html:1507
m.Qc @ imasdk.googleapis.com/js/core/bridge3.779.0_ja.html:1504
Gca @ imasdk.googleapis.com/js/core/bridge3.779.0_ja.html:1506
m.Qc @ imasdk.googleapis.com/js/core/bridge3.779.0_ja.html:1504
(anonymous) @ imasdk.googleapis.com/js/core/bridge3.779.0_ja.html:1507
(anonymous) @ imasdk.googleapis.com/js/core/bridge3.779.0_ja.html:1506
(anonymous) @ imasdk.googleapis.com/js/core/bridge3.779.0_ja.html:1512
Promise.then
E9.fetch @ imasdk.googleapis.com/js/core/bridge3.779.0_ja.html:1512
Jca @ imasdk.googleapis.com/js/core/bridge3.779.0_ja.html:1506
(anonymous) @ imasdk.googleapis.com/js/core/bridge3.779.0_ja.html:1505
Aa @ imasdk.googleapis.com/js/core/bridge3.779.0_ja.html:16
Ca.next @ imasdk.googleapis.com/js/core/bridge3.779.0_ja.html:17
b @ imasdk.googleapis.com/js/core/bridge3.779.0_ja.html:17
Promise.then
f @ imasdk.googleapis.com/js/core/bridge3.779.0_ja.html:18
(anonymous) @ imasdk.googleapis.com/js/core/bridge3.779.0_ja.html:18
Da @ imasdk.googleapis.com/js/core/bridge3.779.0_ja.html:17
x @ imasdk.googleapis.com/js/core/bridge3.779.0_ja.html:18
v9.Bk @ imasdk.googleapis.com/js/core/bridge3.779.0_ja.html:1505
Hca @ imasdk.googleapis.com/js/core/bridge3.779.0_ja.html:1507
m.Qc @ imasdk.googleapis.com/js/core/bridge3.779.0_ja.html:1504
Gca @ imasdk.googleapis.com/js/core/bridge3.779.0_ja.html:1506
m.Qc @ imasdk.googleapis.com/js/core/bridge3.779.0_ja.html:1504
(anonymous) @ imasdk.googleapis.com/js/core/bridge3.779.0_ja.html:1507
(anonymous) @ imasdk.googleapis.com/js/core/bridge3.779.0_ja.html:1506
(anonymous) @ imasdk.googleapis.com/js/core/bridge3.779.0_ja.html:1512
Promise.then
E9.fetch @ imasdk.googleapis.com/js/core/bridge3.779.0_ja.html:1512
Jca @ imasdk.googleapis.com/js/core/bridge3.779.0_ja.html:1506
(anonymous) @ imasdk.googleapis.com/js/core/bridge3.779.0_ja.html:1505
Aa @ imasdk.googleapis.com/js/core/bridge3.779.0_ja.html:16
Ca.next @ imasdk.googleapis.com/js/core/bridge3.779.0_ja.html:17
b @ imasdk.googleapis.com/js/core/bridge3.779.0_ja.html:17
Promise.then
f @ imasdk.googleapis.com/js/core/bridge3.779.0_ja.html:18
(anonymous) @ imasdk.googleapis.com/js/core/bridge3.779.0_ja.html:18
Da @ imasdk.googleapis.com/js/core/bridge3.779.0_ja.html:17
x @ imasdk.googleapis.com/js/core/bridge3.779.0_ja.html:18
v9.Bk @ imasdk.googleapis.com/js/core/bridge3.779.0_ja.html:1505
(anonymous) @ imasdk.googleapis.com/js/core/bridge3.779.0_ja.html:1511
Aa @ imasdk.googleapis.com/js/core/bridge3.779.0_ja.html:16
Ca.next @ imasdk.googleapis.com/js/core/bridge3.779.0_ja.html:17
(anonymous) @ imasdk.googleapis.com/js/core/bridge3.779.0_ja.html:18
Da @ imasdk.googleapis.com/js/core/bridge3.779.0_ja.html:17
x @ imasdk.googleapis.com/js/core/bridge3.779.0_ja.html:18
m.Bk @ imasdk.googleapis.com/js/core/bridge3.779.0_ja.html:1511
Hca @ imasdk.googleapis.com/js/core/bridge3.779.0_ja.html:1507
m.Qc @ imasdk.googleapis.com/js/core/bridge3.779.0_ja.html:1504
e @ imasdk.googleapis.com/js/core/bridge3.779.0_ja.html:1500
zca @ imasdk.googleapis.com/js/core/bridge3.779.0_ja.html:1500
m.Ae @ imasdk.googleapis.com/js/core/bridge3.779.0_ja.html:1510
(anonymous) @ imasdk.googleapis.com/js/core/bridge3.779.0_ja.html:1521
(anonymous) @ imasdk.googleapis.com/js/core/bridge3.779.0_ja.html:1512
Promise.then
E9.fetch @ imasdk.googleapis.com/js/core/bridge3.779.0_ja.html:1512
Uca @ imasdk.googleapis.com/js/core/bridge3.779.0_ja.html:1521
(anonymous) @ imasdk.googleapis.com/js/core/bridge3.779.0_ja.html:1520
J9 @ imasdk.googleapis.com/js/core/bridge3.779.0_ja.html:1521
I9.requestAds @ imasdk.googleapis.com/js/core/bridge3.779.0_ja.html:1520
(anonymous) @ imasdk.googleapis.com/js/core/bridge3.779.0_ja.html:1522
Aa @ imasdk.googleapis.com/js/core/bridge3.779.0_ja.html:16
Ca.next @ imasdk.googleapis.com/js/core/bridge3.779.0_ja.html:17
(anonymous) @ imasdk.googleapis.com/js/core/bridge3.779.0_ja.html:18
Da @ imasdk.googleapis.com/js/core/bridge3.779.0_ja.html:17
x @ imasdk.googleapis.com/js/core/bridge3.779.0_ja.html:18
K9.requestAds @ imasdk.googleapis.com/js/core/bridge3.779.0_ja.html:1522
(anonymous) @ imasdk.googleapis.com/js/core/bridge3.779.0_ja.html:1545
Aa @ imasdk.googleapis.com/js/core/bridge3.779.0_ja.html:16
Ca.next @ imasdk.googleapis.com/js/core/bridge3.779.0_ja.html:17
b @ imasdk.googleapis.com/js/core/bridge3.779.0_ja.html:17
Promise.then
f @ imasdk.googleapis.com/js/core/bridge3.779.0_ja.html:18
(anonymous) @ imasdk.googleapis.com/js/core/bridge3.779.0_ja.html:18
Da @ imasdk.googleapis.com/js/core/bridge3.779.0_ja.html:17
x @ imasdk.googleapis.com/js/core/bridge3.779.0_ja.html:18
h$.requestAds @ imasdk.googleapis.com/js/core/bridge3.779.0_ja.html:1540
(anonymous) @ imasdk.googleapis.com/js/core/bridge3.779.0_ja.html:1533
Aa @ imasdk.googleapis.com/js/core/bridge3.779.0_ja.html:16
Ca.next @ imasdk.googleapis.com/js/core/bridge3.779.0_ja.html:17
(anonymous) @ imasdk.googleapis.com/js/core/bridge3.779.0_ja.html:18
Da @ imasdk.googleapis.com/js/core/bridge3.779.0_ja.html:17
x @ imasdk.googleapis.com/js/core/bridge3.779.0_ja.html:18
gda @ imasdk.googleapis.com/js/core/bridge3.779.0_ja.html:1532
(anonymous) @ imasdk.googleapis.com/js/core/bridge3.779.0_ja.html:1530
Aa @ imasdk.googleapis.com/js/core/bridge3.779.0_ja.html:16
Ca.next @ imasdk.googleapis.com/js/core/bridge3.779.0_ja.html:17
(anonymous) @ imasdk.googleapis.com/js/core/bridge3.779.0_ja.html:18
Da @ imasdk.googleapis.com/js/core/bridge3.779.0_ja.html:17
x @ imasdk.googleapis.com/js/core/bridge3.779.0_ja.html:18
(anonymous) @ imasdk.googleapis.com/js/core/bridge3.779.0_ja.html:1530
tD @ imasdk.googleapis.com/js/core/bridge3.779.0_ja.html:423
m.dispatchEvent @ imasdk.googleapis.com/js/core/bridge3.779.0_ja.html:421
H4 @ imasdk.googleapis.com/js/core/bridge3.779.0_ja.html:1227
D4.F @ imasdk.googleapis.com/js/core/bridge3.779.0_ja.html:1226
(anonymous) @ imasdk.googleapis.com/js/core/bridge3.779.0_ja.html:1224
pD @ imasdk.googleapis.com/js/core/bridge3.779.0_ja.html:420
b @ imasdk.googleapis.com/js/core/bridge3.779.0_ja.html:418
sync.tidaltv.com/GenericUserSync.ashx?dpid=595&rid=be5b8ca384de4b57a76f007a030b093b:1  GET https://sync.tidaltv.com/GenericUserSync.ashx?dpid=595&rid=be5b8ca384de4b57a76f007a030b093b net::ERR_NAME_NOT_RESOLVED
multiview.js?v=0.7.4:223 [probe]  18004ms 枠3/ beat video rs=4 t=3903.7 | appendBuffer=12 appendBytes=9195755
multiview.js?v=0.7.4:223 [probe]  64004ms 枠1/ beat video無し
multiview.js?v=0.7.4:223 [probe]   2021ms 入れ子/embed/hvPY8lRsd2M?disablekb=1&fs=0&modestbranding=1&start beat video rs=0 t=0.0 paused | getContext:webgl=1 getContext:experimental-webgl=1
multiview.js?v=0.7.4:223 [probe]  55003ms 枠2/ beat video無し
multiview.js?v=0.7.4:223 [probe]   3009ms 入れ子/supervisor/v1/index.html?in=web beat video無し
multiview.js?v=0.7.4:223 [probe]   3001ms 入れ子/vp1m0v0z705k/2.0.0/po80zg783iv7hx5vu0ld/assets/export/prd/main/index.html beat video無し
multiview.js?v=0.7.4:223 [probe]  19005ms 枠3/ beat video rs=4 t=3904.7 | appendBuffer=12 appendBytes=9271672
multiview.js?v=0.7.4:223 [probe]  65006ms 枠1/ beat video無し
multiview.js?v=0.7.4:223 [probe]   3015ms 入れ子/embed/hvPY8lRsd2M?disablekb=1&fs=0&modestbranding=1&start beat video rs=0 t=0.0 paused
multiview.js?v=0.7.4:223 [probe]  56009ms 枠2/ beat video無し
multiview.js?v=0.7.4:223 [probe]   4002ms 入れ子/supervisor/v1/index.html?in=web beat video無し
multiview.js?v=0.7.4:223 [probe]   4007ms 入れ子/vp1m0v0z705k/2.0.0/po80zg783iv7hx5vu0ld/assets/export/prd/main/index.html beat video無し
multiview.js?v=0.7.4:223 [probe]  20005ms 枠3/ beat video rs=4 t=3905.7 | appendBuffer=14 appendBytes=10815147
multiview.js?v=0.7.4:223 [probe]  66005ms 枠1/ beat video無し
multiview.js?v=0.7.4:223 [probe]   4011ms 入れ子/embed/hvPY8lRsd2M?disablekb=1&fs=0&modestbranding=1&start beat video rs=0 t=0.0 paused
multiview.js?v=0.7.4:223 [probe]  57009ms 枠2/ beat video無し
multiview.js?v=0.7.4:223 [probe]   5003ms 入れ子/supervisor/v1/index.html?in=web beat video無し
multiview.js?v=0.7.4:223 [probe]   5001ms 入れ子/vp1m0v0z705k/2.0.0/po80zg783iv7hx5vu0ld/assets/export/prd/main/index.html beat video無し
multiview.js?v=0.7.4:223 [probe]  21004ms 枠3/ beat video rs=4 t=3906.7 | appendBuffer=12 appendBytes=9268868
multiview.js?v=0.7.4:223 [probe]  67004ms 枠1/ beat video無し
multiview.js?v=0.7.4:223 [probe]   5021ms 入れ子/embed/hvPY8lRsd2M?disablekb=1&fs=0&modestbranding=1&start beat video rs=0 t=0.0 paused
multiview.js?v=0.7.4:223 [probe]  58004ms 枠2/ beat video無し
multiview.js?v=0.7.4:223 [probe]   6003ms 入れ子/supervisor/v1/index.html?in=web beat video無し
multiview.js?v=0.7.4:223 [probe]   6005ms 入れ子/vp1m0v0z705k/2.0.0/po80zg783iv7hx5vu0ld/assets/export/prd/main/index.html beat video無し
multiview.js?v=0.7.4:223 [probe]  22006ms 枠3/ beat video rs=4 t=3907.7 | appendBuffer=6 appendBytes=4633851
multiview.js?v=0.7.4:223 [probe]  68005ms 枠1/ beat video無し
multiview.js?v=0.7.4:223 [probe]   6006ms 入れ子/embed/hvPY8lRsd2M?disablekb=1&fs=0&modestbranding=1&start beat video rs=0 t=0.0 paused
multiview.js?v=0.7.4:223 [probe]  59004ms 枠2/ beat video無し
multiview.js?v=0.7.4:223 [probe]   7003ms 入れ子/supervisor/v1/index.html?in=web beat video無し
multiview.js?v=0.7.4:223 [probe]   7005ms 入れ子/vp1m0v0z705k/2.0.0/po80zg783iv7hx5vu0ld/assets/export/prd/main/index.html beat video無し
multiview.js?v=0.7.4:223 [probe]  23003ms 枠3/ beat video rs=4 t=3908.7 | appendBuffer=2 appendBytes=1544258
multiview.js?v=0.7.4:223 [probe]      1ms 枠4/ probe.boot top=https://kuronekorou39.github.io
multiview.js?v=0.7.4:223 [probe]  69004ms 枠1/ beat video無し
multiview.js?v=0.7.4:223 [probe]   7069ms 入れ子/embed/hvPY8lRsd2M?disablekb=1&fs=0&modestbranding=1&start beat video rs=0 t=0.0 paused
multiview.js?v=0.7.4:223 [probe]  60008ms 枠2/ beat video無し
multiview.js?v=0.7.4:223 [probe]   8002ms 入れ子/supervisor/v1/index.html?in=web beat video無し
multiview.js?v=0.7.4:223 [probe]   8005ms 入れ子/vp1m0v0z705k/2.0.0/po80zg783iv7hx5vu0ld/assets/export/prd/main/index.html beat video無し
multiview.js?v=0.7.4:223 [probe]  24002ms 枠3/ beat video rs=4 t=3909.7
multiview.js?v=0.7.4:223 [probe]  70003ms 枠1/ beat video無し
multiview.js?v=0.7.4:223 [probe]  61007ms 枠2/ beat video無し
multiview.js?v=0.7.4:223 [probe]   9002ms 入れ子/supervisor/v1/index.html?in=web beat video無し
multiview.js?v=0.7.4:223 [probe]   9005ms 入れ子/vp1m0v0z705k/2.0.0/po80zg783iv7hx5vu0ld/assets/export/prd/main/index.html beat video無し
m=kevlar_base_module,kevlar_main_module,kevlar_base_sync_mod_chunk:10140 LegacyDataMixin will be applied to all legacy elements.
Set `_legacyUndefinedCheck: true` on element class to enable.
multiview.js?v=0.7.4:223 [probe]  25005ms 枠3/ beat video rs=4 t=3910.7 | appendBuffer=2 appendBytes=1545016
multiview.js?v=0.7.4:223 [probe]  71227ms 枠1/ beat video無し
multiview.js?v=0.7.4:223 [probe]   1990ms 枠4/ media.load
multiview.js?v=0.7.4:223 [probe]   1991ms 枠4/ media.load
multiview.js?v=0.7.4:223 [probe]   1992ms 枠4/ media.load
multiview.js?v=0.7.4:223 [probe]   1993ms 枠4/ media.load
multiview.js?v=0.7.4:223 [probe]   2308ms 枠4/ window.error 
multiview.js?v=0.7.4:223 [probe]   2308ms 枠4/ window.error 
multiview.js?v=0.7.4:223 [probe]   2322ms 枠4/ beat video無し
multiview.js?v=0.7.4:223 [probe]   9088ms 入れ子/embed/hvPY8lRsd2M?disablekb=1&fs=0&modestbranding=1&start beat video rs=0 t=0.0 paused
multiview.js?v=0.7.4:223 [probe]  62019ms 枠2/ beat video無し
multiview.js?v=0.7.4:223 [probe]  10002ms 入れ子/supervisor/v1/index.html?in=web beat video無し
multiview.js?v=0.7.4:223 [probe]  10006ms 入れ子/vp1m0v0z705k/2.0.0/po80zg783iv7hx5vu0ld/assets/export/prd/main/index.html beat video無し
multiview.js?v=0.7.4:223 [probe]  26004ms 枠3/ beat video rs=4 t=3911.7
m=kevlar_base_module,kevlar_main_module,kevlar_base_sync_mod_chunk:3196  GET https://rr2---sn-q4flrney.googlevideo.com/videoplayback?expire=6016138598&ei=uVwh1I1GqejzwmXviCu-2o2&ip=41.77.61.56&id=o-AFgecCjZscziGAG5b6NG7KUmYOqEqTZsUtLlwQYgEkgN3&itag=18&source=youtube&requiressl=yes&mh=X6&mm=064%2C27908%2C56860&mn=TmqQU%2Cn1bWw%2Cw9hZz&ms=TmqQU%2Cn1bWw%2Cw9hZz&mv=V&mvi=5&pl=05&ctier=L&initcwndbps=2572689&siu=5&spc=5p1snv8Dbf7uI6BkTXh9vML8A_WCoJagiPYtX6Jb79Zu&vprv=5&svpuc=5&mime=video%2Fmp4&ns=tkQXVp4nHp9aWI3inMQ3ScnM&cnr=05&ratebypass=yes&dur=16395534&lmt=2700840030160378&mt=6016138598&fvip=3&c=WEB&txp=2572689&n=B0mfZgGf1gNBE9Pw&sparams=expire%2Cei%2Cip%2Cid%2Citag%2Csource%2Crequiressl%2Cctier%2Csiu%2Cspc%2Cvprv%2Csvpuc%2Cmime%2Cns%2Ccnr%2Cratebypass%2Cdur%2Clmt&sig=POHCAim4SHlDWjNIZjtOVpjUMEbiPRC02_WSn6gYjOCdutUkg9PBXEerWPwhNuicCOJEe_wMiqppqm6LLbysTjKJ9llIUTwz6Fo3KoErMVAU&lsparams=mh%2Cmm%2Cmn%2Cms%2Cmv%2Cmvi%2Cpl%2Cinitcwndbps&lsig=POHCAim4SHlDWjNIZjtOVpjUMEbiPRC02_WSn6gYjOCdutUkg9PBXEerWPwhNuicCOJEe_wMiqppqm6LLbysTjKJ9llIUTwz6Fo3KoErMVAU 403 (Forbidden)
(anonymous) @ m=kevlar_base_module,kevlar_main_module,kevlar_base_sync_mod_chunk:3196
vb8 @ m=kevlar_base_module,kevlar_main_module,kevlar_base_sync_mod_chunk:5083
(anonymous) @ m=kevlar_base_module,kevlar_main_module,kevlar_base_sync_mod_chunk:5084
(anonymous) @ m=kevlar_base_module,kevlar_main_module,kevlar_base_sync_mod_chunk:5092
rpJ @ m=kevlar_base_module,kevlar_main_module,kevlar_base_sync_mod_chunk:5091
(anonymous) @ m=kevlar_base_module,kevlar_main_module,kevlar_base_sync_mod_chunk:5093
IO2 @ m=kevlar_base_module,kevlar_main_module,kevlar_base_sync_mod_chunk:3196
(anonymous) @ m=kevlar_base_module,kevlar_main_module,kevlar_base_sync_mod_chunk:3199
vb8 @ m=kevlar_base_module,kevlar_main_module,kevlar_base_sync_mod_chunk:5083
(anonymous) @ m=kevlar_base_module,kevlar_main_module,kevlar_base_sync_mod_chunk:5084
(anonymous) @ m=kevlar_base_module,kevlar_main_module,kevlar_base_sync_mod_chunk:5092
rpJ @ m=kevlar_base_module,kevlar_main_module,kevlar_base_sync_mod_chunk:5091
(anonymous) @ m=kevlar_base_module,kevlar_main_module,kevlar_base_sync_mod_chunk:5093
HEd @ m=kevlar_base_module,kevlar_main_module,kevlar_base_sync_mod_chunk:3199
(anonymous) @ m=kevlar_base_module,kevlar_main_module,kevlar_base_sync_mod_chunk:3202
vb8 @ m=kevlar_base_module,kevlar_main_module,kevlar_base_sync_mod_chunk:5083
(anonymous) @ m=kevlar_base_module,kevlar_main_module,kevlar_base_sync_mod_chunk:5084
(anonymous) @ m=kevlar_base_module,kevlar_main_module,kevlar_base_sync_mod_chunk:5092
rpJ @ m=kevlar_base_module,kevlar_main_module,kevlar_base_sync_mod_chunk:5091
(anonymous) @ m=kevlar_base_module,kevlar_main_module,kevlar_base_sync_mod_chunk:5093
XbM @ m=kevlar_base_module,kevlar_main_module,kevlar_base_sync_mod_chunk:3201
(anonymous) @ m=kevlar_base_module,kevlar_main_module,kevlar_base_sync_mod_chunk:3157
vb8 @ m=kevlar_base_module,kevlar_main_module,kevlar_base_sync_mod_chunk:5083
(anonymous) @ m=kevlar_base_module,kevlar_main_module,kevlar_base_sync_mod_chunk:5084
(anonymous) @ m=kevlar_base_module,kevlar_main_module,kevlar_base_sync_mod_chunk:5092
rpJ @ m=kevlar_base_module,kevlar_main_module,kevlar_base_sync_mod_chunk:5091
(anonymous) @ m=kevlar_base_module,kevlar_main_module,kevlar_base_sync_mod_chunk:5093
(anonymous) @ m=kevlar_base_module,kevlar_main_module,kevlar_base_sync_mod_chunk:3157
(anonymous) @ m=kevlar_base_module,kevlar_main_module,kevlar_base_sync_mod_chunk:3159
vb8 @ m=kevlar_base_module,kevlar_main_module,kevlar_base_sync_mod_chunk:5083
(anonymous) @ m=kevlar_base_module,kevlar_main_module,kevlar_base_sync_mod_chunk:5084
(anonymous) @ m=kevlar_base_module,kevlar_main_module,kevlar_base_sync_mod_chunk:5092
rpJ @ m=kevlar_base_module,kevlar_main_module,kevlar_base_sync_mod_chunk:5091
(anonymous) @ m=kevlar_base_module,kevlar_main_module,kevlar_base_sync_mod_chunk:5093
pbz @ m=kevlar_base_module,kevlar_main_module,kevlar_base_sync_mod_chunk:3159
(anonymous) @ m=kevlar_base_module,kevlar_main_module,kevlar_base_sync_mod_chunk:3245
vb8 @ m=kevlar_base_module,kevlar_main_module,kevlar_base_sync_mod_chunk:5083
(anonymous) @ m=kevlar_base_module,kevlar_main_module,kevlar_base_sync_mod_chunk:5084
(anonymous) @ m=kevlar_base_module,kevlar_main_module,kevlar_base_sync_mod_chunk:5092
rpJ @ m=kevlar_base_module,kevlar_main_module,kevlar_base_sync_mod_chunk:5091
(anonymous) @ m=kevlar_base_module,kevlar_main_module,kevlar_base_sync_mod_chunk:5093
Ezz @ m=kevlar_base_module,kevlar_main_module,kevlar_base_sync_mod_chunk:3245
(anonymous) @ m=kevlar_base_module,kevlar_main_module,kevlar_base_sync_mod_chunk:3244
vb8 @ m=kevlar_base_module,kevlar_main_module,kevlar_base_sync_mod_chunk:5083
(anonymous) @ m=kevlar_base_module,kevlar_main_module,kevlar_base_sync_mod_chunk:5084
(anonymous) @ m=kevlar_base_module,kevlar_main_module,kevlar_base_sync_mod_chunk:5092
rpJ @ m=kevlar_base_module,kevlar_main_module,kevlar_base_sync_mod_chunk:5091
(anonymous) @ m=kevlar_base_module,kevlar_main_module,kevlar_base_sync_mod_chunk:5093
O_z @ m=kevlar_base_module,kevlar_main_module,kevlar_base_sync_mod_chunk:3244
(anonymous) @ m=kevlar_base_module,kevlar_main_module,kevlar_base_sync_mod_chunk:23502
Q @ scheduler.js:41
V @ scheduler.js:50
(anonymous) @ scheduler.js:46
(anonymous) @ web-animations-next-lite.min.js:96
requestAnimationFrame
(anonymous) @ web-animations-next-lite.min.js:96
(anonymous) @ scheduler.js:51
oa @ scheduler.js:48
(anonymous) @ scheduler.js:45
setTimeout
(anonymous) @ scheduler.js:51
(anonymous) @ scheduler.js:46
(anonymous) @ web-animations-next-lite.min.js:96
requestAnimationFrame
(anonymous) @ web-animations-next-lite.min.js:96
(anonymous) @ scheduler.js:51
R @ scheduler.js:37
ta @ scheduler.js:56
(anonymous) @ m=kevlar_base_module,kevlar_main_module,kevlar_base_sync_mod_chunk:7276
(anonymous) @ m=kevlar_base_module,kevlar_main_module,kevlar_base_sync_mod_chunk:7267
callback @ m=kevlar_base_module,kevlar_main_module,kevlar_base_sync_mod_chunk:23502
(anonymous) @ m=kevlar_base_module,kevlar_main_module,kevlar_base_sync_mod_chunk:7616
ZmM @ m=kevlar_base_module,kevlar_main_module,kevlar_base_sync_mod_chunk:1742
(anonymous) @ m=kevlar_base_module,kevlar_main_module,kevlar_base_sync_mod_chunk:7616
Q @ scheduler.js:41
P @ scheduler.js:36
ua @ scheduler.js:58
nM2 @ m=kevlar_base_module,kevlar_main_module,kevlar_base_sync_mod_chunk:7271
(anonymous) @ m=kevlar_base_module,kevlar_main_module,kevlar_base_sync_mod_chunk:7616
(anonymous) @ m=kevlar_base_module,kevlar_main_module,kevlar_base_sync_mod_chunk:7615
(anonymous) @ m=kevlar_base_module,kevlar_main_module,kevlar_base_sync_mod_chunk:23243
vb8 @ m=kevlar_base_module,kevlar_main_module,kevlar_base_sync_mod_chunk:5083
(anonymous) @ m=kevlar_base_module,kevlar_main_module,kevlar_base_sync_mod_chunk:5084
(anonymous) @ m=kevlar_base_module,kevlar_main_module,kevlar_base_sync_mod_chunk:5092
rpJ @ m=kevlar_base_module,kevlar_main_module,kevlar_base_sync_mod_chunk:5091
(anonymous) @ m=kevlar_base_module,kevlar_main_module,kevlar_base_sync_mod_chunk:5093
(anonymous) @ m=kevlar_base_module,kevlar_main_module,kevlar_base_sync_mod_chunk:23243
(anonymous) @ m=kevlar_base_module,kevlar_main_module,kevlar_base_sync_mod_chunk:7612
(anonymous) @ m=kevlar_base_module,kevlar_main_module,kevlar_base_sync_mod_chunk:23533
(anonymous) @ m=kevlar_base_module,kevlar_main_module,kevlar_base_sync_mod_chunk:23533
(anonymous) @ m=kevlar_base_module,kevlar_main_module,kevlar_base_sync_mod_chunk:42170
m=kevlar_base_module,kevlar_main_module,kevlar_base_sync_mod_chunk:3196  GET https://rr2---sn-q4flrney.googlevideo.com/videoplayback?expire=6016138598&ei=uVwh1I1GqejzwmXviCu-2o2&ip=41.77.61.56&id=o-AFgecCjZscziGAG5b6NG7KUmYOqEqTZsUtLlwQYgEkgN3&itag=18&source=youtube&requiressl=yes&mh=X6&mm=064%2C27908%2C56860&mn=TmqQU%2Cn1bWw%2Cw9hZz&ms=TmqQU%2Cn1bWw%2Cw9hZz&mv=V&mvi=5&pl=05&initcwndbps=2572689&siu=5&spc=5p1snv8Dbf7uI6BkTXh9vML8A_WCoJagiPYtX6Jb79Zu&vprv=5&svpuc=5&mime=video%2Fmp4&ns=tkQXVp4nHp9aWI3inMQ3ScnM&cnr=05&ratebypass=yes&dur=16395534&lmt=2700840030160378&mt=6016138598&fvip=3&c=WEB&txp=2572689&n=B0mfZgGf1gNBE9Pw&sparams=expire%2Cei%2Cip%2Cid%2Citag%2Csource%2Crequiressl%2Csiu%2Cspc%2Cvprv%2Csvpuc%2Cmime%2Cns%2Ccnr%2Cratebypass%2Cdur%2Clmt&sig=POHCAim4SHlDWjNIZjtOVpjUMEbiPRC02_WSn6gYjOCdutUkg9PBXEerWPwhNuicCOJEe_wMiqppqm6LLbysTjKJ9llIUTwz6Fo3KoErMVAU&lsparams=mh%2Cmm%2Cmn%2Cms%2Cmv%2Cmvi%2Cpl%2Cinitcwndbps&lsig=POHCAim4SHlDWjNIZjtOVpjUMEbiPRC02_WSn6gYjOCdutUkg9PBXEerWPwhNuicCOJEe_wMiqppqm6LLbysTjKJ9llIUTwz6Fo3KoErMVAU 403 (Forbidden)
(anonymous) @ m=kevlar_base_module,kevlar_main_module,kevlar_base_sync_mod_chunk:3196
vb8 @ m=kevlar_base_module,kevlar_main_module,kevlar_base_sync_mod_chunk:5083
(anonymous) @ m=kevlar_base_module,kevlar_main_module,kevlar_base_sync_mod_chunk:5084
(anonymous) @ m=kevlar_base_module,kevlar_main_module,kevlar_base_sync_mod_chunk:5092
rpJ @ m=kevlar_base_module,kevlar_main_module,kevlar_base_sync_mod_chunk:5091
(anonymous) @ m=kevlar_base_module,kevlar_main_module,kevlar_base_sync_mod_chunk:5093
IO2 @ m=kevlar_base_module,kevlar_main_module,kevlar_base_sync_mod_chunk:3196
(anonymous) @ m=kevlar_base_module,kevlar_main_module,kevlar_base_sync_mod_chunk:3199
vb8 @ m=kevlar_base_module,kevlar_main_module,kevlar_base_sync_mod_chunk:5083
(anonymous) @ m=kevlar_base_module,kevlar_main_module,kevlar_base_sync_mod_chunk:5084
(anonymous) @ m=kevlar_base_module,kevlar_main_module,kevlar_base_sync_mod_chunk:5092
rpJ @ m=kevlar_base_module,kevlar_main_module,kevlar_base_sync_mod_chunk:5091
(anonymous) @ m=kevlar_base_module,kevlar_main_module,kevlar_base_sync_mod_chunk:5093
HEd @ m=kevlar_base_module,kevlar_main_module,kevlar_base_sync_mod_chunk:3199
(anonymous) @ m=kevlar_base_module,kevlar_main_module,kevlar_base_sync_mod_chunk:3202
vb8 @ m=kevlar_base_module,kevlar_main_module,kevlar_base_sync_mod_chunk:5083
(anonymous) @ m=kevlar_base_module,kevlar_main_module,kevlar_base_sync_mod_chunk:5084
(anonymous) @ m=kevlar_base_module,kevlar_main_module,kevlar_base_sync_mod_chunk:5092
rpJ @ m=kevlar_base_module,kevlar_main_module,kevlar_base_sync_mod_chunk:5091
(anonymous) @ m=kevlar_base_module,kevlar_main_module,kevlar_base_sync_mod_chunk:5093
XbM @ m=kevlar_base_module,kevlar_main_module,kevlar_base_sync_mod_chunk:3201
(anonymous) @ m=kevlar_base_module,kevlar_main_module,kevlar_base_sync_mod_chunk:3157
vb8 @ m=kevlar_base_module,kevlar_main_module,kevlar_base_sync_mod_chunk:5083
(anonymous) @ m=kevlar_base_module,kevlar_main_module,kevlar_base_sync_mod_chunk:5084
(anonymous) @ m=kevlar_base_module,kevlar_main_module,kevlar_base_sync_mod_chunk:5092
rpJ @ m=kevlar_base_module,kevlar_main_module,kevlar_base_sync_mod_chunk:5091
(anonymous) @ m=kevlar_base_module,kevlar_main_module,kevlar_base_sync_mod_chunk:5093
(anonymous) @ m=kevlar_base_module,kevlar_main_module,kevlar_base_sync_mod_chunk:3157
(anonymous) @ m=kevlar_base_module,kevlar_main_module,kevlar_base_sync_mod_chunk:3159
vb8 @ m=kevlar_base_module,kevlar_main_module,kevlar_base_sync_mod_chunk:5083
(anonymous) @ m=kevlar_base_module,kevlar_main_module,kevlar_base_sync_mod_chunk:5084
(anonymous) @ m=kevlar_base_module,kevlar_main_module,kevlar_base_sync_mod_chunk:5092
rpJ @ m=kevlar_base_module,kevlar_main_module,kevlar_base_sync_mod_chunk:5091
(anonymous) @ m=kevlar_base_module,kevlar_main_module,kevlar_base_sync_mod_chunk:5093
pbz @ m=kevlar_base_module,kevlar_main_module,kevlar_base_sync_mod_chunk:3159
(anonymous) @ m=kevlar_base_module,kevlar_main_module,kevlar_base_sync_mod_chunk:3245
vb8 @ m=kevlar_base_module,kevlar_main_module,kevlar_base_sync_mod_chunk:5083
(anonymous) @ m=kevlar_base_module,kevlar_main_module,kevlar_base_sync_mod_chunk:5084
(anonymous) @ m=kevlar_base_module,kevlar_main_module,kevlar_base_sync_mod_chunk:5092
rpJ @ m=kevlar_base_module,kevlar_main_module,kevlar_base_sync_mod_chunk:5091
(anonymous) @ m=kevlar_base_module,kevlar_main_module,kevlar_base_sync_mod_chunk:5093
Ezz @ m=kevlar_base_module,kevlar_main_module,kevlar_base_sync_mod_chunk:3245
(anonymous) @ m=kevlar_base_module,kevlar_main_module,kevlar_base_sync_mod_chunk:3244
vb8 @ m=kevlar_base_module,kevlar_main_module,kevlar_base_sync_mod_chunk:5083
(anonymous) @ m=kevlar_base_module,kevlar_main_module,kevlar_base_sync_mod_chunk:5084
(anonymous) @ m=kevlar_base_module,kevlar_main_module,kevlar_base_sync_mod_chunk:5092
rpJ @ m=kevlar_base_module,kevlar_main_module,kevlar_base_sync_mod_chunk:5091
(anonymous) @ m=kevlar_base_module,kevlar_main_module,kevlar_base_sync_mod_chunk:5093
O_z @ m=kevlar_base_module,kevlar_main_module,kevlar_base_sync_mod_chunk:3244
(anonymous) @ m=kevlar_base_module,kevlar_main_module,kevlar_base_sync_mod_chunk:23502
Q @ scheduler.js:41
V @ scheduler.js:50
(anonymous) @ scheduler.js:46
(anonymous) @ web-animations-next-lite.min.js:96
requestAnimationFrame
(anonymous) @ web-animations-next-lite.min.js:96
(anonymous) @ scheduler.js:51
oa @ scheduler.js:48
(anonymous) @ scheduler.js:45
setTimeout
(anonymous) @ scheduler.js:51
(anonymous) @ scheduler.js:46
(anonymous) @ web-animations-next-lite.min.js:96
requestAnimationFrame
(anonymous) @ web-animations-next-lite.min.js:96
(anonymous) @ scheduler.js:51
R @ scheduler.js:37
ta @ scheduler.js:56
(anonymous) @ m=kevlar_base_module,kevlar_main_module,kevlar_base_sync_mod_chunk:7276
(anonymous) @ m=kevlar_base_module,kevlar_main_module,kevlar_base_sync_mod_chunk:7267
callback @ m=kevlar_base_module,kevlar_main_module,kevlar_base_sync_mod_chunk:23502
(anonymous) @ m=kevlar_base_module,kevlar_main_module,kevlar_base_sync_mod_chunk:7616
ZmM @ m=kevlar_base_module,kevlar_main_module,kevlar_base_sync_mod_chunk:1742
(anonymous) @ m=kevlar_base_module,kevlar_main_module,kevlar_base_sync_mod_chunk:7616
Q @ scheduler.js:41
P @ scheduler.js:36
ua @ scheduler.js:58
nM2 @ m=kevlar_base_module,kevlar_main_module,kevlar_base_sync_mod_chunk:7271
(anonymous) @ m=kevlar_base_module,kevlar_main_module,kevlar_base_sync_mod_chunk:7616
(anonymous) @ m=kevlar_base_module,kevlar_main_module,kevlar_base_sync_mod_chunk:7615
(anonymous) @ m=kevlar_base_module,kevlar_main_module,kevlar_base_sync_mod_chunk:23243
vb8 @ m=kevlar_base_module,kevlar_main_module,kevlar_base_sync_mod_chunk:5083
(anonymous) @ m=kevlar_base_module,kevlar_main_module,kevlar_base_sync_mod_chunk:5084
(anonymous) @ m=kevlar_base_module,kevlar_main_module,kevlar_base_sync_mod_chunk:5092
rpJ @ m=kevlar_base_module,kevlar_main_module,kevlar_base_sync_mod_chunk:5091
(anonymous) @ m=kevlar_base_module,kevlar_main_module,kevlar_base_sync_mod_chunk:5093
(anonymous) @ m=kevlar_base_module,kevlar_main_module,kevlar_base_sync_mod_chunk:23243
(anonymous) @ m=kevlar_base_module,kevlar_main_module,kevlar_base_sync_mod_chunk:7612
(anonymous) @ m=kevlar_base_module,kevlar_main_module,kevlar_base_sync_mod_chunk:23533
(anonymous) @ m=kevlar_base_module,kevlar_main_module,kevlar_base_sync_mod_chunk:23533
(anonymous) @ m=kevlar_base_module,kevlar_main_module,kevlar_base_sync_mod_chunk:42170
multiview.js?v=0.7.4:223 [probe]  72037ms 枠1/ beat video無し
multiview.js?v=0.7.4:223 [probe]  63007ms 枠2/ beat video無し
multiview.js?v=0.7.4:223 [probe]  11003ms 入れ子/supervisor/v1/index.html?in=web beat video無し
multiview.js?v=0.7.4:223 [probe]  11005ms 入れ子/vp1m0v0z705k/2.0.0/po80zg783iv7hx5vu0ld/assets/export/prd/main/index.html beat video無し
multiview.js?v=0.7.4:223 [probe]  27010ms 枠3/ beat video rs=4 t=3912.7 | appendBuffer=2 appendBytes=1544692
m=kevlar_base_module,kevlar_main_module,kevlar_base_sync_mod_chunk:3196  GET https://rr2---sn-q4flrney.googlevideo.com/videoplayback?expire=6016138598&ei=uVwh1I1GqejzwmXviCu-2o2&ip=41.77.61.56&id=o-AFgecCjZscziGAG5b6NG7KUmYOqEqTZsUtLlwQYgEkgN3&itag=18&source=youtube&requiressl=yes&mh=X6&mm=064%2C27908%2C56860&mn=TmqQU%2Cn1bWw%2Cw9hZz&ms=TmqQU%2Cn1bWw%2Cw9hZz&mv=V&mvi=5&pl=05&ctier=L&initcwndbps=2572689&siu=5&spc=5p1snv8Dbf7uI6BkTXh9vML8A_WCoJagiPYtX6Jb79Zu&vprv=5&svpuc=5&mime=video%2Fmp4&ns=tkQXVp4nHp9aWI3inMQ3ScnM&cnr=05&ratebypass=yes&dur=16395534&lmt=2700840030160378&mt=6016138598&fvip=3&c=WEB&txp=2572689&n=B0mfZgGf1gNBE9Pw&sparams=expire%2Cei%2Cip%2Cid%2Citag%2Csource%2Crequiressl%2Cctier%2Csiu%2Cspc%2Cvprv%2Csvpuc%2Cmime%2Cns%2Ccnr%2Cratebypass%2Cdur%2Clmt&sig=POHCAim4SHlDWjNIZjtOVpjUMEbiPRC02_WSn6gYjOCdutUkg9PBXEerWPwhNuicCOJEe_wMiqppqm6LLbysTjKJ9llIUTwz6Fo3KoErMVAU&lsparams=mh%2Cmm%2Cmn%2Cms%2Cmv%2Cmvi%2Cpl%2Cinitcwndbps&lsig=POHCAim4SHlDWjNIZjtOVpjUMEbiPRC02_WSn6gYjOCdutUkg9PBXEerWPwhNuicCOJEe_wMiqppqm6LLbysTjKJ9llIUTwz6Fo3KoErMVAU 403 (Forbidden)
(anonymous) @ m=kevlar_base_module,kevlar_main_module,kevlar_base_sync_mod_chunk:3196
vb8 @ m=kevlar_base_module,kevlar_main_module,kevlar_base_sync_mod_chunk:5083
(anonymous) @ m=kevlar_base_module,kevlar_main_module,kevlar_base_sync_mod_chunk:5084
J @ m=kevlar_base_module,kevlar_main_module,kevlar_base_sync_mod_chunk:5089
Promise.then
E @ m=kevlar_base_module,kevlar_main_module,kevlar_base_sync_mod_chunk:5091
(anonymous) @ m=kevlar_base_module,kevlar_main_module,kevlar_base_sync_mod_chunk:5092
rpJ @ m=kevlar_base_module,kevlar_main_module,kevlar_base_sync_mod_chunk:5091
(anonymous) @ m=kevlar_base_module,kevlar_main_module,kevlar_base_sync_mod_chunk:5093
IO2 @ m=kevlar_base_module,kevlar_main_module,kevlar_base_sync_mod_chunk:3196
(anonymous) @ m=kevlar_base_module,kevlar_main_module,kevlar_base_sync_mod_chunk:3199
vb8 @ m=kevlar_base_module,kevlar_main_module,kevlar_base_sync_mod_chunk:5083
(anonymous) @ m=kevlar_base_module,kevlar_main_module,kevlar_base_sync_mod_chunk:5084
(anonymous) @ m=kevlar_base_module,kevlar_main_module,kevlar_base_sync_mod_chunk:5092
rpJ @ m=kevlar_base_module,kevlar_main_module,kevlar_base_sync_mod_chunk:5091
(anonymous) @ m=kevlar_base_module,kevlar_main_module,kevlar_base_sync_mod_chunk:5093
HEd @ m=kevlar_base_module,kevlar_main_module,kevlar_base_sync_mod_chunk:3199
(anonymous) @ m=kevlar_base_module,kevlar_main_module,kevlar_base_sync_mod_chunk:3202
vb8 @ m=kevlar_base_module,kevlar_main_module,kevlar_base_sync_mod_chunk:5083
(anonymous) @ m=kevlar_base_module,kevlar_main_module,kevlar_base_sync_mod_chunk:5084
(anonymous) @ m=kevlar_base_module,kevlar_main_module,kevlar_base_sync_mod_chunk:5092
rpJ @ m=kevlar_base_module,kevlar_main_module,kevlar_base_sync_mod_chunk:5091
(anonymous) @ m=kevlar_base_module,kevlar_main_module,kevlar_base_sync_mod_chunk:5093
XbM @ m=kevlar_base_module,kevlar_main_module,kevlar_base_sync_mod_chunk:3201
(anonymous) @ m=kevlar_base_module,kevlar_main_module,kevlar_base_sync_mod_chunk:3157
vb8 @ m=kevlar_base_module,kevlar_main_module,kevlar_base_sync_mod_chunk:5083
(anonymous) @ m=kevlar_base_module,kevlar_main_module,kevlar_base_sync_mod_chunk:5084
(anonymous) @ m=kevlar_base_module,kevlar_main_module,kevlar_base_sync_mod_chunk:5092
rpJ @ m=kevlar_base_module,kevlar_main_module,kevlar_base_sync_mod_chunk:5091
(anonymous) @ m=kevlar_base_module,kevlar_main_module,kevlar_base_sync_mod_chunk:5093
(anonymous) @ m=kevlar_base_module,kevlar_main_module,kevlar_base_sync_mod_chunk:3157
(anonymous) @ m=kevlar_base_module,kevlar_main_module,kevlar_base_sync_mod_chunk:3159
vb8 @ m=kevlar_base_module,kevlar_main_module,kevlar_base_sync_mod_chunk:5083
(anonymous) @ m=kevlar_base_module,kevlar_main_module,kevlar_base_sync_mod_chunk:5084
(anonymous) @ m=kevlar_base_module,kevlar_main_module,kevlar_base_sync_mod_chunk:5092
rpJ @ m=kevlar_base_module,kevlar_main_module,kevlar_base_sync_mod_chunk:5091
(anonymous) @ m=kevlar_base_module,kevlar_main_module,kevlar_base_sync_mod_chunk:5093
pbz @ m=kevlar_base_module,kevlar_main_module,kevlar_base_sync_mod_chunk:3159
(anonymous) @ m=kevlar_base_module,kevlar_main_module,kevlar_base_sync_mod_chunk:3245
vb8 @ m=kevlar_base_module,kevlar_main_module,kevlar_base_sync_mod_chunk:5083
(anonymous) @ m=kevlar_base_module,kevlar_main_module,kevlar_base_sync_mod_chunk:5084
(anonymous) @ m=kevlar_base_module,kevlar_main_module,kevlar_base_sync_mod_chunk:5092
rpJ @ m=kevlar_base_module,kevlar_main_module,kevlar_base_sync_mod_chunk:5091
(anonymous) @ m=kevlar_base_module,kevlar_main_module,kevlar_base_sync_mod_chunk:5093
Ezz @ m=kevlar_base_module,kevlar_main_module,kevlar_base_sync_mod_chunk:3245
(anonymous) @ m=kevlar_base_module,kevlar_main_module,kevlar_base_sync_mod_chunk:3244
vb8 @ m=kevlar_base_module,kevlar_main_module,kevlar_base_sync_mod_chunk:5083
(anonymous) @ m=kevlar_base_module,kevlar_main_module,kevlar_base_sync_mod_chunk:5084
(anonymous) @ m=kevlar_base_module,kevlar_main_module,kevlar_base_sync_mod_chunk:5092
rpJ @ m=kevlar_base_module,kevlar_main_module,kevlar_base_sync_mod_chunk:5091
(anonymous) @ m=kevlar_base_module,kevlar_main_module,kevlar_base_sync_mod_chunk:5093
O_z @ m=kevlar_base_module,kevlar_main_module,kevlar_base_sync_mod_chunk:3244
(anonymous) @ m=kevlar_base_module,kevlar_main_module,kevlar_base_sync_mod_chunk:23502
Q @ scheduler.js:41
V @ scheduler.js:50
(anonymous) @ scheduler.js:46
(anonymous) @ web-animations-next-lite.min.js:96
requestAnimationFrame
(anonymous) @ web-animations-next-lite.min.js:96
(anonymous) @ scheduler.js:51
oa @ scheduler.js:48
(anonymous) @ scheduler.js:45
setTimeout
(anonymous) @ scheduler.js:51
(anonymous) @ scheduler.js:46
(anonymous) @ web-animations-next-lite.min.js:96
requestAnimationFrame
(anonymous) @ web-animations-next-lite.min.js:96
(anonymous) @ scheduler.js:51
R @ scheduler.js:37
ta @ scheduler.js:56
(anonymous) @ m=kevlar_base_module,kevlar_main_module,kevlar_base_sync_mod_chunk:7276
(anonymous) @ m=kevlar_base_module,kevlar_main_module,kevlar_base_sync_mod_chunk:7267
callback @ m=kevlar_base_module,kevlar_main_module,kevlar_base_sync_mod_chunk:23502
(anonymous) @ m=kevlar_base_module,kevlar_main_module,kevlar_base_sync_mod_chunk:7616
ZmM @ m=kevlar_base_module,kevlar_main_module,kevlar_base_sync_mod_chunk:1742
(anonymous) @ m=kevlar_base_module,kevlar_main_module,kevlar_base_sync_mod_chunk:7616
Q @ scheduler.js:41
P @ scheduler.js:36
ua @ scheduler.js:58
nM2 @ m=kevlar_base_module,kevlar_main_module,kevlar_base_sync_mod_chunk:7271
(anonymous) @ m=kevlar_base_module,kevlar_main_module,kevlar_base_sync_mod_chunk:7616
(anonymous) @ m=kevlar_base_module,kevlar_main_module,kevlar_base_sync_mod_chunk:7615
(anonymous) @ m=kevlar_base_module,kevlar_main_module,kevlar_base_sync_mod_chunk:23243
vb8 @ m=kevlar_base_module,kevlar_main_module,kevlar_base_sync_mod_chunk:5083
(anonymous) @ m=kevlar_base_module,kevlar_main_module,kevlar_base_sync_mod_chunk:5084
(anonymous) @ m=kevlar_base_module,kevlar_main_module,kevlar_base_sync_mod_chunk:5092
rpJ @ m=kevlar_base_module,kevlar_main_module,kevlar_base_sync_mod_chunk:5091
(anonymous) @ m=kevlar_base_module,kevlar_main_module,kevlar_base_sync_mod_chunk:5093
(anonymous) @ m=kevlar_base_module,kevlar_main_module,kevlar_base_sync_mod_chunk:23243
(anonymous) @ m=kevlar_base_module,kevlar_main_module,kevlar_base_sync_mod_chunk:7612
(anonymous) @ m=kevlar_base_module,kevlar_main_module,kevlar_base_sync_mod_chunk:23533
(anonymous) @ m=kevlar_base_module,kevlar_main_module,kevlar_base_sync_mod_chunk:23533
(anonymous) @ m=kevlar_base_module,kevlar_main_module,kevlar_base_sync_mod_chunk:42170
m=kevlar_base_module,kevlar_main_module,kevlar_base_sync_mod_chunk:3196  GET https://rr2---sn-q4flrney.googlevideo.com/videoplayback?expire=6016138598&ei=uVwh1I1GqejzwmXviCu-2o2&ip=41.77.61.56&id=o-AFgecCjZscziGAG5b6NG7KUmYOqEqTZsUtLlwQYgEkgN3&itag=18&source=youtube&requiressl=yes&mh=X6&mm=064%2C27908%2C56860&mn=TmqQU%2Cn1bWw%2Cw9hZz&ms=TmqQU%2Cn1bWw%2Cw9hZz&mv=V&mvi=5&pl=05&initcwndbps=2572689&siu=5&spc=5p1snv8Dbf7uI6BkTXh9vML8A_WCoJagiPYtX6Jb79Zu&vprv=5&svpuc=5&mime=video%2Fmp4&ns=tkQXVp4nHp9aWI3inMQ3ScnM&cnr=05&ratebypass=yes&dur=16395534&lmt=2700840030160378&mt=6016138598&fvip=3&c=WEB&txp=2572689&n=B0mfZgGf1gNBE9Pw&sparams=expire%2Cei%2Cip%2Cid%2Citag%2Csource%2Crequiressl%2Csiu%2Cspc%2Cvprv%2Csvpuc%2Cmime%2Cns%2Ccnr%2Cratebypass%2Cdur%2Clmt&sig=POHCAim4SHlDWjNIZjtOVpjUMEbiPRC02_WSn6gYjOCdutUkg9PBXEerWPwhNuicCOJEe_wMiqppqm6LLbysTjKJ9llIUTwz6Fo3KoErMVAU&lsparams=mh%2Cmm%2Cmn%2Cms%2Cmv%2Cmvi%2Cpl%2Cinitcwndbps&lsig=POHCAim4SHlDWjNIZjtOVpjUMEbiPRC02_WSn6gYjOCdutUkg9PBXEerWPwhNuicCOJEe_wMiqppqm6LLbysTjKJ9llIUTwz6Fo3KoErMVAU 403 (Forbidden)
(anonymous) @ m=kevlar_base_module,kevlar_main_module,kevlar_base_sync_mod_chunk:3196
vb8 @ m=kevlar_base_module,kevlar_main_module,kevlar_base_sync_mod_chunk:5083
(anonymous) @ m=kevlar_base_module,kevlar_main_module,kevlar_base_sync_mod_chunk:5084
J @ m=kevlar_base_module,kevlar_main_module,kevlar_base_sync_mod_chunk:5089
Promise.then
E @ m=kevlar_base_module,kevlar_main_module,kevlar_base_sync_mod_chunk:5091
(anonymous) @ m=kevlar_base_module,kevlar_main_module,kevlar_base_sync_mod_chunk:5092
rpJ @ m=kevlar_base_module,kevlar_main_module,kevlar_base_sync_mod_chunk:5091
(anonymous) @ m=kevlar_base_module,kevlar_main_module,kevlar_base_sync_mod_chunk:5093
IO2 @ m=kevlar_base_module,kevlar_main_module,kevlar_base_sync_mod_chunk:3196
(anonymous) @ m=kevlar_base_module,kevlar_main_module,kevlar_base_sync_mod_chunk:3199
vb8 @ m=kevlar_base_module,kevlar_main_module,kevlar_base_sync_mod_chunk:5083
(anonymous) @ m=kevlar_base_module,kevlar_main_module,kevlar_base_sync_mod_chunk:5084
(anonymous) @ m=kevlar_base_module,kevlar_main_module,kevlar_base_sync_mod_chunk:5092
rpJ @ m=kevlar_base_module,kevlar_main_module,kevlar_base_sync_mod_chunk:5091
(anonymous) @ m=kevlar_base_module,kevlar_main_module,kevlar_base_sync_mod_chunk:5093
HEd @ m=kevlar_base_module,kevlar_main_module,kevlar_base_sync_mod_chunk:3199
(anonymous) @ m=kevlar_base_module,kevlar_main_module,kevlar_base_sync_mod_chunk:3202
vb8 @ m=kevlar_base_module,kevlar_main_module,kevlar_base_sync_mod_chunk:5083
(anonymous) @ m=kevlar_base_module,kevlar_main_module,kevlar_base_sync_mod_chunk:5084
(anonymous) @ m=kevlar_base_module,kevlar_main_module,kevlar_base_sync_mod_chunk:5092
rpJ @ m=kevlar_base_module,kevlar_main_module,kevlar_base_sync_mod_chunk:5091
(anonymous) @ m=kevlar_base_module,kevlar_main_module,kevlar_base_sync_mod_chunk:5093
XbM @ m=kevlar_base_module,kevlar_main_module,kevlar_base_sync_mod_chunk:3201
(anonymous) @ m=kevlar_base_module,kevlar_main_module,kevlar_base_sync_mod_chunk:3157
vb8 @ m=kevlar_base_module,kevlar_main_module,kevlar_base_sync_mod_chunk:5083
(anonymous) @ m=kevlar_base_module,kevlar_main_module,kevlar_base_sync_mod_chunk:5084
(anonymous) @ m=kevlar_base_module,kevlar_main_module,kevlar_base_sync_mod_chunk:5092
rpJ @ m=kevlar_base_module,kevlar_main_module,kevlar_base_sync_mod_chunk:5091
(anonymous) @ m=kevlar_base_module,kevlar_main_module,kevlar_base_sync_mod_chunk:5093
(anonymous) @ m=kevlar_base_module,kevlar_main_module,kevlar_base_sync_mod_chunk:3157
(anonymous) @ m=kevlar_base_module,kevlar_main_module,kevlar_base_sync_mod_chunk:3159
vb8 @ m=kevlar_base_module,kevlar_main_module,kevlar_base_sync_mod_chunk:5083
(anonymous) @ m=kevlar_base_module,kevlar_main_module,kevlar_base_sync_mod_chunk:5084
(anonymous) @ m=kevlar_base_module,kevlar_main_module,kevlar_base_sync_mod_chunk:5092
rpJ @ m=kevlar_base_module,kevlar_main_module,kevlar_base_sync_mod_chunk:5091
(anonymous) @ m=kevlar_base_module,kevlar_main_module,kevlar_base_sync_mod_chunk:5093
pbz @ m=kevlar_base_module,kevlar_main_module,kevlar_base_sync_mod_chunk:3159
(anonymous) @ m=kevlar_base_module,kevlar_main_module,kevlar_base_sync_mod_chunk:3245
vb8 @ m=kevlar_base_module,kevlar_main_module,kevlar_base_sync_mod_chunk:5083
(anonymous) @ m=kevlar_base_module,kevlar_main_module,kevlar_base_sync_mod_chunk:5084
(anonymous) @ m=kevlar_base_module,kevlar_main_module,kevlar_base_sync_mod_chunk:5092
rpJ @ m=kevlar_base_module,kevlar_main_module,kevlar_base_sync_mod_chunk:5091
(anonymous) @ m=kevlar_base_module,kevlar_main_module,kevlar_base_sync_mod_chunk:5093
Ezz @ m=kevlar_base_module,kevlar_main_module,kevlar_base_sync_mod_chunk:3245
(anonymous) @ m=kevlar_base_module,kevlar_main_module,kevlar_base_sync_mod_chunk:3244
vb8 @ m=kevlar_base_module,kevlar_main_module,kevlar_base_sync_mod_chunk:5083
(anonymous) @ m=kevlar_base_module,kevlar_main_module,kevlar_base_sync_mod_chunk:5084
(anonymous) @ m=kevlar_base_module,kevlar_main_module,kevlar_base_sync_mod_chunk:5092
rpJ @ m=kevlar_base_module,kevlar_main_module,kevlar_base_sync_mod_chunk:5091
(anonymous) @ m=kevlar_base_module,kevlar_main_module,kevlar_base_sync_mod_chunk:5093
O_z @ m=kevlar_base_module,kevlar_main_module,kevlar_base_sync_mod_chunk:3244
(anonymous) @ m=kevlar_base_module,kevlar_main_module,kevlar_base_sync_mod_chunk:23502
Q @ scheduler.js:41
V @ scheduler.js:50
(anonymous) @ scheduler.js:46
(anonymous) @ web-animations-next-lite.min.js:96
requestAnimationFrame
(anonymous) @ web-animations-next-lite.min.js:96
(anonymous) @ scheduler.js:51
oa @ scheduler.js:48
(anonymous) @ scheduler.js:45
setTimeout
(anonymous) @ scheduler.js:51
(anonymous) @ scheduler.js:46
(anonymous) @ web-animations-next-lite.min.js:96
requestAnimationFrame
(anonymous) @ web-animations-next-lite.min.js:96
(anonymous) @ scheduler.js:51
R @ scheduler.js:37
ta @ scheduler.js:56
(anonymous) @ m=kevlar_base_module,kevlar_main_module,kevlar_base_sync_mod_chunk:7276
(anonymous) @ m=kevlar_base_module,kevlar_main_module,kevlar_base_sync_mod_chunk:7267
callback @ m=kevlar_base_module,kevlar_main_module,kevlar_base_sync_mod_chunk:23502
(anonymous) @ m=kevlar_base_module,kevlar_main_module,kevlar_base_sync_mod_chunk:7616
ZmM @ m=kevlar_base_module,kevlar_main_module,kevlar_base_sync_mod_chunk:1742
(anonymous) @ m=kevlar_base_module,kevlar_main_module,kevlar_base_sync_mod_chunk:7616
Q @ scheduler.js:41
P @ scheduler.js:36
ua @ scheduler.js:58
nM2 @ m=kevlar_base_module,kevlar_main_module,kevlar_base_sync_mod_chunk:7271
(anonymous) @ m=kevlar_base_module,kevlar_main_module,kevlar_base_sync_mod_chunk:7616
(anonymous) @ m=kevlar_base_module,kevlar_main_module,kevlar_base_sync_mod_chunk:7615
(anonymous) @ m=kevlar_base_module,kevlar_main_module,kevlar_base_sync_mod_chunk:23243
vb8 @ m=kevlar_base_module,kevlar_main_module,kevlar_base_sync_mod_chunk:5083
(anonymous) @ m=kevlar_base_module,kevlar_main_module,kevlar_base_sync_mod_chunk:5084
(anonymous) @ m=kevlar_base_module,kevlar_main_module,kevlar_base_sync_mod_chunk:5092
rpJ @ m=kevlar_base_module,kevlar_main_module,kevlar_base_sync_mod_chunk:5091
(anonymous) @ m=kevlar_base_module,kevlar_main_module,kevlar_base_sync_mod_chunk:5093
(anonymous) @ m=kevlar_base_module,kevlar_main_module,kevlar_base_sync_mod_chunk:23243
(anonymous) @ m=kevlar_base_module,kevlar_main_module,kevlar_base_sync_mod_chunk:7612
(anonymous) @ m=kevlar_base_module,kevlar_main_module,kevlar_base_sync_mod_chunk:23533
(anonymous) @ m=kevlar_base_module,kevlar_main_module,kevlar_base_sync_mod_chunk:23533
(anonymous) @ m=kevlar_base_module,kevlar_main_module,kevlar_base_sync_mod_chunk:42170
multiview.js?v=0.7.4:223 [probe]   3907ms 枠4/ beat video無し | getContext:webgl=1 getContext:experimental-webgl=1
multiview.js?v=0.7.4:223 [probe]  10677ms 入れ子/embed/hvPY8lRsd2M?disablekb=1&fs=0&modestbranding=1&start beat video rs=0 t=0.0 paused
multiview.js?v=0.7.4:223 [probe]  73015ms 枠1/ beat video無し
m=kevlar_base_module,kevlar_main_module,kevlar_base_sync_mod_chunk:3196  GET https://rr2---sn-q4flrney.googlevideo.com/videoplayback?expire=6016138598&ei=uVwh1I1GqejzwmXviCu-2o2&ip=41.77.61.56&id=o-AFgecCjZscziGAG5b6NG7KUmYOqEqTZsUtLlwQYgEkgN3&itag=18&source=youtube&requiressl=yes&mh=X6&mm=064%2C27908%2C56860&mn=TmqQU%2Cn1bWw%2Cw9hZz&ms=TmqQU%2Cn1bWw%2Cw9hZz&mv=V&mvi=5&pl=05&ctier=L&initcwndbps=2572689&siu=5&spc=5p1snv8Dbf7uI6BkTXh9vML8A_WCoJagiPYtX6Jb79Zu&vprv=5&svpuc=5&mime=video%2Fmp4&ns=tkQXVp4nHp9aWI3inMQ3ScnM&cnr=05&ratebypass=yes&dur=16395534&lmt=2700840030160378&mt=6016138598&fvip=3&c=WEB&txp=2572689&n=B0mfZgGf1gNBE9Pw&sparams=expire%2Cei%2Cip%2Cid%2Citag%2Csource%2Crequiressl%2Cctier%2Csiu%2Cspc%2Cvprv%2Csvpuc%2Cmime%2Cns%2Ccnr%2Cratebypass%2Cdur%2Clmt&sig=POHCAim4SHlDWjNIZjtOVpjUMEbiPRC02_WSn6gYjOCdutUkg9PBXEerWPwhNuicCOJEe_wMiqppqm6LLbysTjKJ9llIUTwz6Fo3KoErMVAU&lsparams=mh%2Cmm%2Cmn%2Cms%2Cmv%2Cmvi%2Cpl%2Cinitcwndbps&lsig=POHCAim4SHlDWjNIZjtOVpjUMEbiPRC02_WSn6gYjOCdutUkg9PBXEerWPwhNuicCOJEe_wMiqppqm6LLbysTjKJ9llIUTwz6Fo3KoErMVAU 403 (Forbidden)
(anonymous) @ m=kevlar_base_module,kevlar_main_module,kevlar_base_sync_mod_chunk:3196
vb8 @ m=kevlar_base_module,kevlar_main_module,kevlar_base_sync_mod_chunk:5083
(anonymous) @ m=kevlar_base_module,kevlar_main_module,kevlar_base_sync_mod_chunk:5084
J @ m=kevlar_base_module,kevlar_main_module,kevlar_base_sync_mod_chunk:5089
Promise.then
E @ m=kevlar_base_module,kevlar_main_module,kevlar_base_sync_mod_chunk:5091
Promise.then
E @ m=kevlar_base_module,kevlar_main_module,kevlar_base_sync_mod_chunk:5091
(anonymous) @ m=kevlar_base_module,kevlar_main_module,kevlar_base_sync_mod_chunk:5092
rpJ @ m=kevlar_base_module,kevlar_main_module,kevlar_base_sync_mod_chunk:5091
(anonymous) @ m=kevlar_base_module,kevlar_main_module,kevlar_base_sync_mod_chunk:5093
IO2 @ m=kevlar_base_module,kevlar_main_module,kevlar_base_sync_mod_chunk:3196
(anonymous) @ m=kevlar_base_module,kevlar_main_module,kevlar_base_sync_mod_chunk:3199
vb8 @ m=kevlar_base_module,kevlar_main_module,kevlar_base_sync_mod_chunk:5083
(anonymous) @ m=kevlar_base_module,kevlar_main_module,kevlar_base_sync_mod_chunk:5084
(anonymous) @ m=kevlar_base_module,kevlar_main_module,kevlar_base_sync_mod_chunk:5092
rpJ @ m=kevlar_base_module,kevlar_main_module,kevlar_base_sync_mod_chunk:5091
(anonymous) @ m=kevlar_base_module,kevlar_main_module,kevlar_base_sync_mod_chunk:5093
HEd @ m=kevlar_base_module,kevlar_main_module,kevlar_base_sync_mod_chunk:3199
(anonymous) @ m=kevlar_base_module,kevlar_main_module,kevlar_base_sync_mod_chunk:3202
vb8 @ m=kevlar_base_module,kevlar_main_module,kevlar_base_sync_mod_chunk:5083
(anonymous) @ m=kevlar_base_module,kevlar_main_module,kevlar_base_sync_mod_chunk:5084
(anonymous) @ m=kevlar_base_module,kevlar_main_module,kevlar_base_sync_mod_chunk:5092
rpJ @ m=kevlar_base_module,kevlar_main_module,kevlar_base_sync_mod_chunk:5091
(anonymous) @ m=kevlar_base_module,kevlar_main_module,kevlar_base_sync_mod_chunk:5093
XbM @ m=kevlar_base_module,kevlar_main_module,kevlar_base_sync_mod_chunk:3201
(anonymous) @ m=kevlar_base_module,kevlar_main_module,kevlar_base_sync_mod_chunk:3157
vb8 @ m=kevlar_base_module,kevlar_main_module,kevlar_base_sync_mod_chunk:5083
(anonymous) @ m=kevlar_base_module,kevlar_main_module,kevlar_base_sync_mod_chunk:5084
(anonymous) @ m=kevlar_base_module,kevlar_main_module,kevlar_base_sync_mod_chunk:5092
rpJ @ m=kevlar_base_module,kevlar_main_module,kevlar_base_sync_mod_chunk:5091
(anonymous) @ m=kevlar_base_module,kevlar_main_module,kevlar_base_sync_mod_chunk:5093
(anonymous) @ m=kevlar_base_module,kevlar_main_module,kevlar_base_sync_mod_chunk:3157
(anonymous) @ m=kevlar_base_module,kevlar_main_module,kevlar_base_sync_mod_chunk:3159
vb8 @ m=kevlar_base_module,kevlar_main_module,kevlar_base_sync_mod_chunk:5083
(anonymous) @ m=kevlar_base_module,kevlar_main_module,kevlar_base_sync_mod_chunk:5084
(anonymous) @ m=kevlar_base_module,kevlar_main_module,kevlar_base_sync_mod_chunk:5092
rpJ @ m=kevlar_base_module,kevlar_main_module,kevlar_base_sync_mod_chunk:5091
(anonymous) @ m=kevlar_base_module,kevlar_main_module,kevlar_base_sync_mod_chunk:5093
pbz @ m=kevlar_base_module,kevlar_main_module,kevlar_base_sync_mod_chunk:3159
(anonymous) @ m=kevlar_base_module,kevlar_main_module,kevlar_base_sync_mod_chunk:3245
vb8 @ m=kevlar_base_module,kevlar_main_module,kevlar_base_sync_mod_chunk:5083
(anonymous) @ m=kevlar_base_module,kevlar_main_module,kevlar_base_sync_mod_chunk:5084
(anonymous) @ m=kevlar_base_module,kevlar_main_module,kevlar_base_sync_mod_chunk:5092
rpJ @ m=kevlar_base_module,kevlar_main_module,kevlar_base_sync_mod_chunk:5091
(anonymous) @ m=kevlar_base_module,kevlar_main_module,kevlar_base_sync_mod_chunk:5093
Ezz @ m=kevlar_base_module,kevlar_main_module,kevlar_base_sync_mod_chunk:3245
(anonymous) @ m=kevlar_base_module,kevlar_main_module,kevlar_base_sync_mod_chunk:3244
vb8 @ m=kevlar_base_module,kevlar_main_module,kevlar_base_sync_mod_chunk:5083
(anonymous) @ m=kevlar_base_module,kevlar_main_module,kevlar_base_sync_mod_chunk:5084
(anonymous) @ m=kevlar_base_module,kevlar_main_module,kevlar_base_sync_mod_chunk:5092
rpJ @ m=kevlar_base_module,kevlar_main_module,kevlar_base_sync_mod_chunk:5091
(anonymous) @ m=kevlar_base_module,kevlar_main_module,kevlar_base_sync_mod_chunk:5093
O_z @ m=kevlar_base_module,kevlar_main_module,kevlar_base_sync_mod_chunk:3244
(anonymous) @ m=kevlar_base_module,kevlar_main_module,kevlar_base_sync_mod_chunk:23502
Q @ scheduler.js:41
V @ scheduler.js:50
(anonymous) @ scheduler.js:46
(anonymous) @ web-animations-next-lite.min.js:96
requestAnimationFrame
(anonymous) @ web-animations-next-lite.min.js:96
(anonymous) @ scheduler.js:51
oa @ scheduler.js:48
(anonymous) @ scheduler.js:45
setTimeout
(anonymous) @ scheduler.js:51
(anonymous) @ scheduler.js:46
(anonymous) @ web-animations-next-lite.min.js:96
requestAnimationFrame
(anonymous) @ web-animations-next-lite.min.js:96
(anonymous) @ scheduler.js:51
R @ scheduler.js:37
ta @ scheduler.js:56
(anonymous) @ m=kevlar_base_module,kevlar_main_module,kevlar_base_sync_mod_chunk:7276
(anonymous) @ m=kevlar_base_module,kevlar_main_module,kevlar_base_sync_mod_chunk:7267
callback @ m=kevlar_base_module,kevlar_main_module,kevlar_base_sync_mod_chunk:23502
(anonymous) @ m=kevlar_base_module,kevlar_main_module,kevlar_base_sync_mod_chunk:7616
ZmM @ m=kevlar_base_module,kevlar_main_module,kevlar_base_sync_mod_chunk:1742
(anonymous) @ m=kevlar_base_module,kevlar_main_module,kevlar_base_sync_mod_chunk:7616
Q @ scheduler.js:41
P @ scheduler.js:36
ua @ scheduler.js:58
nM2 @ m=kevlar_base_module,kevlar_main_module,kevlar_base_sync_mod_chunk:7271
(anonymous) @ m=kevlar_base_module,kevlar_main_module,kevlar_base_sync_mod_chunk:7616
(anonymous) @ m=kevlar_base_module,kevlar_main_module,kevlar_base_sync_mod_chunk:7615
(anonymous) @ m=kevlar_base_module,kevlar_main_module,kevlar_base_sync_mod_chunk:23243
vb8 @ m=kevlar_base_module,kevlar_main_module,kevlar_base_sync_mod_chunk:5083
(anonymous) @ m=kevlar_base_module,kevlar_main_module,kevlar_base_sync_mod_chunk:5084
(anonymous) @ m=kevlar_base_module,kevlar_main_module,kevlar_base_sync_mod_chunk:5092
rpJ @ m=kevlar_base_module,kevlar_main_module,kevlar_base_sync_mod_chunk:5091
(anonymous) @ m=kevlar_base_module,kevlar_main_module,kevlar_base_sync_mod_chunk:5093
(anonymous) @ m=kevlar_base_module,kevlar_main_module,kevlar_base_sync_mod_chunk:23243
(anonymous) @ m=kevlar_base_module,kevlar_main_module,kevlar_base_sync_mod_chunk:7612
(anonymous) @ m=kevlar_base_module,kevlar_main_module,kevlar_base_sync_mod_chunk:23533
(anonymous) @ m=kevlar_base_module,kevlar_main_module,kevlar_base_sync_mod_chunk:23533
(anonymous) @ m=kevlar_base_module,kevlar_main_module,kevlar_base_sync_mod_chunk:42170
m=kevlar_base_module,kevlar_main_module,kevlar_base_sync_mod_chunk:3196  GET https://rr2---sn-q4flrney.googlevideo.com/videoplayback?expire=6016138598&ei=uVwh1I1GqejzwmXviCu-2o2&ip=41.77.61.56&id=o-AFgecCjZscziGAG5b6NG7KUmYOqEqTZsUtLlwQYgEkgN3&itag=18&source=youtube&requiressl=yes&mh=X6&mm=064%2C27908%2C56860&mn=TmqQU%2Cn1bWw%2Cw9hZz&ms=TmqQU%2Cn1bWw%2Cw9hZz&mv=V&mvi=5&pl=05&initcwndbps=2572689&siu=5&spc=5p1snv8Dbf7uI6BkTXh9vML8A_WCoJagiPYtX6Jb79Zu&vprv=5&svpuc=5&mime=video%2Fmp4&ns=tkQXVp4nHp9aWI3inMQ3ScnM&cnr=05&ratebypass=yes&dur=16395534&lmt=2700840030160378&mt=6016138598&fvip=3&c=WEB&txp=2572689&n=B0mfZgGf1gNBE9Pw&sparams=expire%2Cei%2Cip%2Cid%2Citag%2Csource%2Crequiressl%2Csiu%2Cspc%2Cvprv%2Csvpuc%2Cmime%2Cns%2Ccnr%2Cratebypass%2Cdur%2Clmt&sig=POHCAim4SHlDWjNIZjtOVpjUMEbiPRC02_WSn6gYjOCdutUkg9PBXEerWPwhNuicCOJEe_wMiqppqm6LLbysTjKJ9llIUTwz6Fo3KoErMVAU&lsparams=mh%2Cmm%2Cmn%2Cms%2Cmv%2Cmvi%2Cpl%2Cinitcwndbps&lsig=POHCAim4SHlDWjNIZjtOVpjUMEbiPRC02_WSn6gYjOCdutUkg9PBXEerWPwhNuicCOJEe_wMiqppqm6LLbysTjKJ9llIUTwz6Fo3KoErMVAU 403 (Forbidden)
(anonymous) @ m=kevlar_base_module,kevlar_main_module,kevlar_base_sync_mod_chunk:3196
vb8 @ m=kevlar_base_module,kevlar_main_module,kevlar_base_sync_mod_chunk:5083
(anonymous) @ m=kevlar_base_module,kevlar_main_module,kevlar_base_sync_mod_chunk:5084
J @ m=kevlar_base_module,kevlar_main_module,kevlar_base_sync_mod_chunk:5089
Promise.then
E @ m=kevlar_base_module,kevlar_main_module,kevlar_base_sync_mod_chunk:5091
Promise.then
E @ m=kevlar_base_module,kevlar_main_module,kevlar_base_sync_mod_chunk:5091
(anonymous) @ m=kevlar_base_module,kevlar_main_module,kevlar_base_sync_mod_chunk:5092
rpJ @ m=kevlar_base_module,kevlar_main_module,kevlar_base_sync_mod_chunk:5091
(anonymous) @ m=kevlar_base_module,kevlar_main_module,kevlar_base_sync_mod_chunk:5093
IO2 @ m=kevlar_base_module,kevlar_main_module,kevlar_base_sync_mod_chunk:3196
(anonymous) @ m=kevlar_base_module,kevlar_main_module,kevlar_base_sync_mod_chunk:3199
vb8 @ m=kevlar_base_module,kevlar_main_module,kevlar_base_sync_mod_chunk:5083
(anonymous) @ m=kevlar_base_module,kevlar_main_module,kevlar_base_sync_mod_chunk:5084
(anonymous) @ m=kevlar_base_module,kevlar_main_module,kevlar_base_sync_mod_chunk:5092
rpJ @ m=kevlar_base_module,kevlar_main_module,kevlar_base_sync_mod_chunk:5091
(anonymous) @ m=kevlar_base_module,kevlar_main_module,kevlar_base_sync_mod_chunk:5093
HEd @ m=kevlar_base_module,kevlar_main_module,kevlar_base_sync_mod_chunk:3199
(anonymous) @ m=kevlar_base_module,kevlar_main_module,kevlar_base_sync_mod_chunk:3202
vb8 @ m=kevlar_base_module,kevlar_main_module,kevlar_base_sync_mod_chunk:5083
(anonymous) @ m=kevlar_base_module,kevlar_main_module,kevlar_base_sync_mod_chunk:5084
(anonymous) @ m=kevlar_base_module,kevlar_main_module,kevlar_base_sync_mod_chunk:5092
rpJ @ m=kevlar_base_module,kevlar_main_module,kevlar_base_sync_mod_chunk:5091
(anonymous) @ m=kevlar_base_module,kevlar_main_module,kevlar_base_sync_mod_chunk:5093
XbM @ m=kevlar_base_module,kevlar_main_module,kevlar_base_sync_mod_chunk:3201
(anonymous) @ m=kevlar_base_module,kevlar_main_module,kevlar_base_sync_mod_chunk:3157
vb8 @ m=kevlar_base_module,kevlar_main_module,kevlar_base_sync_mod_chunk:5083
(anonymous) @ m=kevlar_base_module,kevlar_main_module,kevlar_base_sync_mod_chunk:5084
(anonymous) @ m=kevlar_base_module,kevlar_main_module,kevlar_base_sync_mod_chunk:5092
rpJ @ m=kevlar_base_module,kevlar_main_module,kevlar_base_sync_mod_chunk:5091
(anonymous) @ m=kevlar_base_module,kevlar_main_module,kevlar_base_sync_mod_chunk:5093
(anonymous) @ m=kevlar_base_module,kevlar_main_module,kevlar_base_sync_mod_chunk:3157
(anonymous) @ m=kevlar_base_module,kevlar_main_module,kevlar_base_sync_mod_chunk:3159
vb8 @ m=kevlar_base_module,kevlar_main_module,kevlar_base_sync_mod_chunk:5083
(anonymous) @ m=kevlar_base_module,kevlar_main_module,kevlar_base_sync_mod_chunk:5084
(anonymous) @ m=kevlar_base_module,kevlar_main_module,kevlar_base_sync_mod_chunk:5092
rpJ @ m=kevlar_base_module,kevlar_main_module,kevlar_base_sync_mod_chunk:5091
(anonymous) @ m=kevlar_base_module,kevlar_main_module,kevlar_base_sync_mod_chunk:5093
pbz @ m=kevlar_base_module,kevlar_main_module,kevlar_base_sync_mod_chunk:3159
(anonymous) @ m=kevlar_base_module,kevlar_main_module,kevlar_base_sync_mod_chunk:3245
vb8 @ m=kevlar_base_module,kevlar_main_module,kevlar_base_sync_mod_chunk:5083
(anonymous) @ m=kevlar_base_module,kevlar_main_module,kevlar_base_sync_mod_chunk:5084
(anonymous) @ m=kevlar_base_module,kevlar_main_module,kevlar_base_sync_mod_chunk:5092
rpJ @ m=kevlar_base_module,kevlar_main_module,kevlar_base_sync_mod_chunk:5091
(anonymous) @ m=kevlar_base_module,kevlar_main_module,kevlar_base_sync_mod_chunk:5093
Ezz @ m=kevlar_base_module,kevlar_main_module,kevlar_base_sync_mod_chunk:3245
(anonymous) @ m=kevlar_base_module,kevlar_main_module,kevlar_base_sync_mod_chunk:3244
vb8 @ m=kevlar_base_module,kevlar_main_module,kevlar_base_sync_mod_chunk:5083
(anonymous) @ m=kevlar_base_module,kevlar_main_module,kevlar_base_sync_mod_chunk:5084
(anonymous) @ m=kevlar_base_module,kevlar_main_module,kevlar_base_sync_mod_chunk:5092
rpJ @ m=kevlar_base_module,kevlar_main_module,kevlar_base_sync_mod_chunk:5091
(anonymous) @ m=kevlar_base_module,kevlar_main_module,kevlar_base_sync_mod_chunk:5093
O_z @ m=kevlar_base_module,kevlar_main_module,kevlar_base_sync_mod_chunk:3244
(anonymous) @ m=kevlar_base_module,kevlar_main_module,kevlar_base_sync_mod_chunk:23502
Q @ scheduler.js:41
V @ scheduler.js:50
(anonymous) @ scheduler.js:46
(anonymous) @ web-animations-next-lite.min.js:96
requestAnimationFrame
(anonymous) @ web-animations-next-lite.min.js:96
(anonymous) @ scheduler.js:51
oa @ scheduler.js:48
(anonymous) @ scheduler.js:45
setTimeout
(anonymous) @ scheduler.js:51
(anonymous) @ scheduler.js:46
(anonymous) @ web-animations-next-lite.min.js:96
requestAnimationFrame
(anonymous) @ web-animations-next-lite.min.js:96
(anonymous) @ scheduler.js:51
R @ scheduler.js:37
ta @ scheduler.js:56
(anonymous) @ m=kevlar_base_module,kevlar_main_module,kevlar_base_sync_mod_chunk:7276
(anonymous) @ m=kevlar_base_module,kevlar_main_module,kevlar_base_sync_mod_chunk:7267
callback @ m=kevlar_base_module,kevlar_main_module,kevlar_base_sync_mod_chunk:23502
(anonymous) @ m=kevlar_base_module,kevlar_main_module,kevlar_base_sync_mod_chunk:7616
ZmM @ m=kevlar_base_module,kevlar_main_module,kevlar_base_sync_mod_chunk:1742
(anonymous) @ m=kevlar_base_module,kevlar_main_module,kevlar_base_sync_mod_chunk:7616
Q @ scheduler.js:41
P @ scheduler.js:36
ua @ scheduler.js:58
nM2 @ m=kevlar_base_module,kevlar_main_module,kevlar_base_sync_mod_chunk:7271
(anonymous) @ m=kevlar_base_module,kevlar_main_module,kevlar_base_sync_mod_chunk:7616
(anonymous) @ m=kevlar_base_module,kevlar_main_module,kevlar_base_sync_mod_chunk:7615
(anonymous) @ m=kevlar_base_module,kevlar_main_module,kevlar_base_sync_mod_chunk:23243
vb8 @ m=kevlar_base_module,kevlar_main_module,kevlar_base_sync_mod_chunk:5083
(anonymous) @ m=kevlar_base_module,kevlar_main_module,kevlar_base_sync_mod_chunk:5084
(anonymous) @ m=kevlar_base_module,kevlar_main_module,kevlar_base_sync_mod_chunk:5092
rpJ @ m=kevlar_base_module,kevlar_main_module,kevlar_base_sync_mod_chunk:5091
(anonymous) @ m=kevlar_base_module,kevlar_main_module,kevlar_base_sync_mod_chunk:5093
(anonymous) @ m=kevlar_base_module,kevlar_main_module,kevlar_base_sync_mod_chunk:23243
(anonymous) @ m=kevlar_base_module,kevlar_main_module,kevlar_base_sync_mod_chunk:7612
(anonymous) @ m=kevlar_base_module,kevlar_main_module,kevlar_base_sync_mod_chunk:23533
(anonymous) @ m=kevlar_base_module,kevlar_main_module,kevlar_base_sync_mod_chunk:23533
(anonymous) @ m=kevlar_base_module,kevlar_main_module,kevlar_base_sync_mod_chunk:42170
multiview.js?v=0.7.4:223 [probe]   4323ms 枠4/ beat video無し
multiview.js?v=0.7.4:223 [probe]  11093ms 入れ子/embed/hvPY8lRsd2M?disablekb=1&fs=0&modestbranding=1&start beat video rs=0 t=0.0 paused
multiview.js?v=0.7.4:223 [probe]  64014ms 枠2/ beat video無し
multiview.js?v=0.7.4:223 [probe]  12007ms 入れ子/supervisor/v1/index.html?in=web beat video無し
multiview.js?v=0.7.4:223 [probe]  12006ms 入れ子/vp1m0v0z705k/2.0.0/po80zg783iv7hx5vu0ld/assets/export/prd/main/index.html beat video無し
multiview.js?v=0.7.4:223 [probe]   4627ms 枠4/ media.load
multiview.js?v=0.7.4:223 [probe]   4649ms 枠4/ media.load
Framing 'https://accounts.youtube.com/' violates the following Content Security Policy directive: "frame-ancestors https://www.youtube.com". The request has been blocked.

multiview.js?v=0.7.4:223 [probe]  28006ms 枠3/ beat video rs=4 t=3913.7
multiview.js?v=0.7.4:223 [probe]   5012ms 枠4/ beat video rs=0 t=0.0 paused
multiview.js?v=0.7.4:223 [probe]  74024ms 枠1/ beat video無し
multiview.js?v=0.7.4:223 [probe]  12016ms 入れ子/embed/hvPY8lRsd2M?disablekb=1&fs=0&modestbranding=1&start beat video rs=0 t=0.0 paused
multiview.js?v=0.7.4:223 [probe]  65018ms 枠2/ beat video無し
multiview.js?v=0.7.4:223 [probe]  13004ms 入れ子/supervisor/v1/index.html?in=web beat video無し
multiview.js?v=0.7.4:223 [probe]  13006ms 入れ子/vp1m0v0z705k/2.0.0/po80zg783iv7hx5vu0ld/assets/export/prd/main/index.html beat video無し
multiview.js?v=0.7.4:223 [probe]  29010ms 枠3/ beat video rs=4 t=3914.7 | appendBuffer=2 appendBytes=1545889
multiview.js?v=0.7.4:223 [probe]   6011ms 枠4/ beat video rs=0 t=0.0 paused
multiview.js?v=0.7.4:223 [probe]  75027ms 枠1/ beat video無し
multiview.js?v=0.7.4:223 [probe]  13016ms 入れ子/embed/hvPY8lRsd2M?disablekb=1&fs=0&modestbranding=1&start beat video rs=0 t=0.0 paused
multiview.js?v=0.7.4:223 [probe]  66035ms 枠2/ beat video無し
multiview.js?v=0.7.4:223 [probe]  14003ms 入れ子/supervisor/v1/index.html?in=web beat video無し
multiview.js?v=0.7.4:223 [probe]  14003ms 入れ子/vp1m0v0z705k/2.0.0/po80zg783iv7hx5vu0ld/assets/export/prd/main/index.html beat video無し
multiview.js?v=0.7.4:223 [probe]  30010ms 枠3/ beat video rs=4 t=3915.7
multiview.js?v=0.7.4:223 [probe]   7011ms 枠4/ beat video rs=0 t=0.0 paused
multiview.js?v=0.7.4:223 [probe]  76007ms 枠1/ beat video無し
multiview.js?v=0.7.4:223 [probe]  14016ms 入れ子/embed/hvPY8lRsd2M?disablekb=1&fs=0&modestbranding=1&start beat video rs=0 t=0.0 paused
multiview.js?v=0.7.4:223 [probe]  67008ms 枠2/ beat video無し
multiview.js?v=0.7.4:223 [probe]  15003ms 入れ子/supervisor/v1/index.html?in=web beat video無し
multiview.js?v=0.7.4:223 [probe]  15002ms 入れ子/vp1m0v0z705k/2.0.0/po80zg783iv7hx5vu0ld/assets/export/prd/main/index.html beat video無し
multiview.js?v=0.7.4:223 [probe]  31010ms 枠3/ beat video rs=4 t=3916.7 | appendBuffer=2 appendBytes=1544587
(index):1 The resource https://i.ytimg.com/generate_204 was preloaded using link preload but not used within a few seconds from the window's load event. Please make sure it has an appropriate `as` value and it is preloaded intentionally.
multiview.js?v=0.7.4:223 [probe]   8012ms 枠4/ beat video rs=0 t=0.0 paused
multiview.js?v=0.7.4:223 [probe]  77011ms 枠1/ beat video無し
multiview.js?v=0.7.4:223 [probe]  15017ms 入れ子/embed/hvPY8lRsd2M?disablekb=1&fs=0&modestbranding=1&start beat video rs=0 t=0.0 paused
multiview.js?v=0.7.4:223 [probe]  68007ms 枠2/ beat video無し
multiview.js?v=0.7.4:223 [probe]  16003ms 入れ子/supervisor/v1/index.html?in=web beat video無し
multiview.js?v=0.7.4:223 [probe]  16001ms 入れ子/vp1m0v0z705k/2.0.0/po80zg783iv7hx5vu0ld/assets/export/prd/main/index.html beat video無し
multiview.js?v=0.7.4:223 [probe]  32007ms 枠3/ beat video rs=4 t=3917.7
multiview.js?v=0.7.4:223 [probe]   9012ms 枠4/ beat video rs=0 t=0.0 paused
multiview.js?v=0.7.4:223 [probe]  78005ms 枠1/ beat video無し
multiview.js?v=0.7.4:223 [probe]  16016ms 入れ子/embed/hvPY8lRsd2M?disablekb=1&fs=0&modestbranding=1&start beat video rs=0 t=0.0 paused
multiview.js?v=0.7.4:223 [probe]  69003ms 枠2/ beat video無し
multiview.js?v=0.7.4:223 [probe]  17003ms 入れ子/supervisor/v1/index.html?in=web beat video無し
multiview.js?v=0.7.4:223 [probe]  17006ms 入れ子/vp1m0v0z705k/2.0.0/po80zg783iv7hx5vu0ld/assets/export/prd/main/index.html beat video無し
multiview.js?v=0.7.4:223 [probe]  33004ms 枠3/ beat video rs=4 t=3918.7 | appendBuffer=2 appendBytes=1545043
multiview.js?v=0.7.4:223 [probe]  10022ms 枠4/ beat video rs=0 t=0.0 paused
multiview.js?v=0.7.4:223 [probe]  79014ms 枠1/ beat video無し
multiview.js?v=0.7.4:223 [probe]  17016ms 入れ子/embed/hvPY8lRsd2M?disablekb=1&fs=0&modestbranding=1&start beat video rs=0 t=0.0 paused
multiview.js?v=0.7.4:223 [probe]  70002ms 枠2/ beat video無し
multiview.js?v=0.7.4:223 [probe]  18003ms 入れ子/supervisor/v1/index.html?in=web beat video無し
multiview.js?v=0.7.4:223 [probe]  18010ms 入れ子/vp1m0v0z705k/2.0.0/po80zg783iv7hx5vu0ld/assets/export/prd/main/index.html beat video無し
multiview.js?v=0.7.4:223 [probe]  34003ms 枠3/ beat video rs=4 t=3919.7
multiview.js?v=0.7.4:223 [probe]  11011ms 枠4/ beat video rs=0 t=0.0 paused
multiview.js?v=0.7.4:223 [probe]  80003ms 枠1/ beat video無し
multiview.js?v=0.7.4:223 [probe]  18017ms 入れ子/embed/hvPY8lRsd2M?disablekb=1&fs=0&modestbranding=1&start beat video rs=0 t=0.0 paused
multiview.js?v=0.7.4:223 [probe]  71010ms 枠2/ beat video無し
multiview.js?v=0.7.4:223 [probe]  19003ms 入れ子/supervisor/v1/index.html?in=web beat video無し
multiview.js?v=0.7.4:223 [probe]  19006ms 入れ子/vp1m0v0z705k/2.0.0/po80zg783iv7hx5vu0ld/assets/export/prd/main/index.html beat video無し
multiview.js?v=0.7.4:223 [probe]  35010ms 枠3/ beat video rs=4 t=3920.7 | appendBuffer=2 appendBytes=1544270
multiview.js?v=0.7.4:223 [probe]  12013ms 枠4/ beat video rs=0 t=0.0 paused
multiview.js?v=0.7.4:223 [probe]  81004ms 枠1/ beat video無し
multiview.js?v=0.7.4:223 [probe]  19016ms 入れ子/embed/hvPY8lRsd2M?disablekb=1&fs=0&modestbranding=1&start beat video rs=0 t=0.0 paused
multiview.js?v=0.7.4:223 [probe]  72002ms 枠2/ beat video無し
multiview.js?v=0.7.4:223 [probe]  20003ms 入れ子/supervisor/v1/index.html?in=web beat video無し
multiview.js?v=0.7.4:223 [probe]  20006ms 入れ子/vp1m0v0z705k/2.0.0/po80zg783iv7hx5vu0ld/assets/export/prd/main/index.html beat video無し
multiview.js?v=0.7.4:223 [probe]  12728ms 枠4/ media.load
multiview.js?v=0.7.4:223 [probe]  12741ms 枠4/ mediaSession.setActionHandler play
multiview.js?v=0.7.4:223 [probe]  12742ms 枠4/ mediaSession.setActionHandler pause
multiview.js?v=0.7.4:223 [probe]  12742ms 枠4/ mediaSession.setActionHandler seekbackward
multiview.js?v=0.7.4:223 [probe]  12742ms 枠4/ mediaSession.setActionHandler seekforward
multiview.js?v=0.7.4:223 [probe]  12742ms 枠4/ mediaSession.setActionHandler seekto
multiview.js?v=0.7.4:223 [probe]  12742ms 枠4/ mediaSession.setActionHandler nexttrack
multiview.js?v=0.7.4:223 [probe]  12742ms 枠4/ mediaSession.setActionHandler previoustrack
multiview.js?v=0.7.4:223 [probe]  36004ms 枠3/ beat video rs=4 t=3921.7
multiview.js?v=0.7.4:223 [probe]  12833ms 枠4/ media.load
multiview.js?v=0.7.4:223 [probe]  12835ms 枠4/ media.play VIDEO rs=0
multiview.js?v=0.7.4:223 [probe]  12837ms 枠4/ media.emptied rs=0 ns=3
multiview.js?v=0.7.4:223 [probe]  12839ms 枠4/ media.waiting rs=0 ns=2
multiview.js?v=0.7.4:223 [probe]  12839ms 枠4/ media.loadstart rs=0 ns=2
multiview.js?v=0.7.4:223 [probe]  12839ms 枠4/ MSE.addSourceBuffer audio/mp4; codecs="mp4a.40.2"
multiview.js?v=0.7.4:223 [probe]  12839ms 枠4/ MSE.addSourceBuffer video/webm; codecs="vp09.00.51.08.01.01.01.01.00"
multiview.js?v=0.7.4:223 [probe]  12841ms 枠4/ mediaSession.setActionHandler play
multiview.js?v=0.7.4:223 [probe]  12841ms 枠4/ mediaSession.setActionHandler pause
multiview.js?v=0.7.4:223 [probe]  12841ms 枠4/ mediaSession.setActionHandler seekbackward
multiview.js?v=0.7.4:223 [probe]  12841ms 枠4/ mediaSession.setActionHandler seekforward
multiview.js?v=0.7.4:223 [probe]  12841ms 枠4/ mediaSession.setActionHandler seekto
multiview.js?v=0.7.4:223 [probe]  12841ms 枠4/ mediaSession.setActionHandler nexttrack
multiview.js?v=0.7.4:223 [probe]  12841ms 枠4/ mediaSession.setActionHandler previoustrack
multiview.js?v=0.7.4:223 [probe]  12886ms 枠4/ media.loadedmetadata rs=1 ns=2
multiview.js?v=0.7.4:223 [probe]  12961ms 枠4/ media.play VIDEO rs=4
multiview.js?v=0.7.4:223 [probe]  12965ms 枠4/ media.canplay rs=4 ns=2
multiview.js?v=0.7.4:223 [probe]  12965ms 枠4/ media.playing rs=4 ns=2
multiview.js?v=0.7.4:223 [probe]  13021ms 枠4/ beat video rs=0 t=0.0 paused | appendBuffer=13 appendBytes=133751
multiview.js?v=0.7.4:223 [probe]  82009ms 枠1/ beat video無し
multiview.js?v=0.7.4:223 [probe]  20063ms 入れ子/embed/hvPY8lRsd2M?disablekb=1&fs=0&modestbranding=1&start beat video rs=0 t=0.0 paused
multiview.js?v=0.7.4:223 [probe]  73002ms 枠2/ beat video無し
multiview.js?v=0.7.4:223 [probe]  21003ms 入れ子/supervisor/v1/index.html?in=web beat video無し
multiview.js?v=0.7.4:223 [probe]  21006ms 入れ子/vp1m0v0z705k/2.0.0/po80zg783iv7hx5vu0ld/assets/export/prd/main/index.html beat video無し
multiview.js?v=0.7.4:223 [probe]  37011ms 枠3/ beat video rs=4 t=3922.7 | appendBuffer=2 appendBytes=1546716
multiview.js?v=0.7.4:223 [probe]  83004ms 枠1/ beat video無し
multiview.js?v=0.7.4:223 [probe]  14164ms 枠4/ beat video rs=0 t=0.0 paused | appendBuffer=29 appendBytes=332396
multiview.js?v=0.7.4:223 [probe]  21011ms 入れ子/embed/hvPY8lRsd2M?disablekb=1&fs=0&modestbranding=1&start beat video rs=0 t=0.0 paused
multiview.js?v=0.7.4:223 [probe]  74008ms 枠2/ beat video無し
multiview.js?v=0.7.4:223 [probe]  22003ms 入れ子/supervisor/v1/index.html?in=web beat video無し
multiview.js?v=0.7.4:223 [probe]  22006ms 入れ子/vp1m0v0z705k/2.0.0/po80zg783iv7hx5vu0ld/assets/export/prd/main/index.html beat video無し
multiview.js?v=0.7.4:223 [probe]  38010ms 枠3/ beat video rs=4 t=3923.7
multiview.js?v=0.7.4:223 [probe]  15026ms 枠4/ beat video rs=0 t=0.0 paused
multiview.js?v=0.7.4:223 [probe]  84012ms 枠1/ beat video無し
multiview.js?v=0.7.4:223 [probe]  22016ms 入れ子/embed/hvPY8lRsd2M?disablekb=1&fs=0&modestbranding=1&start beat video rs=0 t=0.0 paused
multiview.js?v=0.7.4:223 [probe]  75006ms 枠2/ beat video無し
multiview.js?v=0.7.4:223 [probe]  23003ms 入れ子/supervisor/v1/index.html?in=web beat video無し
multiview.js?v=0.7.4:223 [probe]  23003ms 入れ子/vp1m0v0z705k/2.0.0/po80zg783iv7hx5vu0ld/assets/export/prd/main/index.html beat video無し
multiview.js?v=0.7.4:223 [probe]  39011ms 枠3/ beat video rs=4 t=3924.7 | appendBuffer=2 appendBytes=1549525
multiview.js?v=0.7.4:223 [probe]  15955ms 枠4/ media.load
multiview.js?v=0.7.4:223 [probe]  15963ms 枠4/ media.load
multiview.js?v=0.7.4:223 [probe]  15973ms 枠4/ mediaSession.setActionHandler play
multiview.js?v=0.7.4:223 [probe]  15973ms 枠4/ mediaSession.setActionHandler pause
multiview.js?v=0.7.4:223 [probe]  15973ms 枠4/ mediaSession.setActionHandler seekbackward
multiview.js?v=0.7.4:223 [probe]  15973ms 枠4/ mediaSession.setActionHandler seekforward
multiview.js?v=0.7.4:223 [probe]  15973ms 枠4/ mediaSession.setActionHandler seekto
multiview.js?v=0.7.4:223 [probe]  15973ms 枠4/ mediaSession.setActionHandler nexttrack
multiview.js?v=0.7.4:223 [probe]  15973ms 枠4/ mediaSession.setActionHandler previoustrack
multiview.js?v=0.7.4:223 [probe]  15976ms 枠4/ media.load
multiview.js?v=0.7.4:223 [probe]  15976ms 枠4/ media.play VIDEO rs=0
multiview.js?v=0.7.4:223 [probe]  15994ms 枠4/ media.emptied rs=0 ns=3
multiview.js?v=0.7.4:223 [probe]  15995ms 枠4/ media.waiting rs=0 ns=2
multiview.js?v=0.7.4:223 [probe]  16003ms 枠4/ media.loadstart rs=0 ns=2
multiview.js?v=0.7.4:223 [probe]  16011ms 枠4/ beat video rs=0 t=0.0 paused
multiview.js?v=0.7.4:223 [probe]  85006ms 枠1/ beat video無し
multiview.js?v=0.7.4:223 [probe]  16055ms 枠4/ MSE.addSourceBuffer audio/webm; codecs="opus"
multiview.js?v=0.7.4:223 [probe]  16055ms 枠4/ MSE.addSourceBuffer video/mp4; codecs="av01.0.01M.08"
multiview.js?v=0.7.4:223 [probe]  16167ms 枠4/ mediaSession.setActionHandler play
multiview.js?v=0.7.4:223 [probe]  16167ms 枠4/ mediaSession.setActionHandler pause
multiview.js?v=0.7.4:223 [probe]  16167ms 枠4/ mediaSession.setActionHandler seekbackward
multiview.js?v=0.7.4:223 [probe]  16167ms 枠4/ mediaSession.setActionHandler seekforward
multiview.js?v=0.7.4:223 [probe]  16167ms 枠4/ mediaSession.setActionHandler seekto
multiview.js?v=0.7.4:223 [probe]  16167ms 枠4/ mediaSession.setActionHandler nexttrack
multiview.js?v=0.7.4:223 [probe]  16167ms 枠4/ mediaSession.setActionHandler previoustrack
multiview.js?v=0.7.4:223 [probe]  16185ms 枠4/ media.load
multiview.js?v=0.7.4:223 [probe]  16190ms 枠4/ media.load
multiview.js?v=0.7.4:223 [probe]  16196ms 枠4/ mediaSession.setActionHandler play
multiview.js?v=0.7.4:223 [probe]  16196ms 枠4/ mediaSession.setActionHandler pause
multiview.js?v=0.7.4:223 [probe]  16196ms 枠4/ mediaSession.setActionHandler seekbackward
multiview.js?v=0.7.4:223 [probe]  16196ms 枠4/ mediaSession.setActionHandler seekforward
multiview.js?v=0.7.4:223 [probe]  16196ms 枠4/ mediaSession.setActionHandler seekto
multiview.js?v=0.7.4:223 [probe]  16196ms 枠4/ mediaSession.setActionHandler nexttrack
multiview.js?v=0.7.4:223 [probe]  16196ms 枠4/ mediaSession.setActionHandler previoustrack
multiview.js?v=0.7.4:223 [probe]  16199ms 枠4/ media.load
multiview.js?v=0.7.4:223 [probe]  16200ms 枠4/ media.play VIDEO rs=0
multiview.js?v=0.7.4:223 [probe]  16210ms 枠4/ media.emptied rs=0 ns=3
multiview.js?v=0.7.4:223 [probe]  16210ms 枠4/ media.waiting rs=0 ns=2
multiview.js?v=0.7.4:223 [probe]  16224ms 枠4/ media.loadstart rs=0 ns=2
multiview.js?v=0.7.4:223 [probe]  16227ms 枠4/ MSE.addSourceBuffer audio/mp4; codecs="mp4a.40.2"
multiview.js?v=0.7.4:223 [probe]  16227ms 枠4/ MSE.addSourceBuffer video/webm; codecs="vp09.00.51.08.01.01.01.01.00"
multiview.js?v=0.7.4:223 [probe]  16229ms 枠4/ mediaSession.setActionHandler play
multiview.js?v=0.7.4:223 [probe]  16229ms 枠4/ mediaSession.setActionHandler pause
multiview.js?v=0.7.4:223 [probe]  16229ms 枠4/ mediaSession.setActionHandler seekbackward
multiview.js?v=0.7.4:223 [probe]  16229ms 枠4/ mediaSession.setActionHandler seekforward
multiview.js?v=0.7.4:223 [probe]  16229ms 枠4/ mediaSession.setActionHandler seekto
multiview.js?v=0.7.4:223 [probe]  16229ms 枠4/ mediaSession.setActionHandler nexttrack
multiview.js?v=0.7.4:223 [probe]  16229ms 枠4/ mediaSession.setActionHandler previoustrack
multiview.js?v=0.7.4:223 [probe]  16246ms 枠4/ mediaSession.setActionHandler play
multiview.js?v=0.7.4:223 [probe]  16246ms 枠4/ mediaSession.setActionHandler pause
multiview.js?v=0.7.4:223 [probe]  16246ms 枠4/ mediaSession.setActionHandler seekbackward
multiview.js?v=0.7.4:223 [probe]  16246ms 枠4/ mediaSession.setActionHandler seekforward
multiview.js?v=0.7.4:223 [probe]  16246ms 枠4/ mediaSession.setActionHandler seekto
multiview.js?v=0.7.4:223 [probe]  16246ms 枠4/ mediaSession.setActionHandler nexttrack
multiview.js?v=0.7.4:223 [probe]  16246ms 枠4/ mediaSession.setActionHandler previoustrack
multiview.js?v=0.7.4:223 [probe]  16250ms 枠4/ media.loadedmetadata rs=1 ns=2
multiview.js?v=0.7.4:223 [probe]  23017ms 入れ子/embed/hvPY8lRsd2M?disablekb=1&fs=0&modestbranding=1&start beat video rs=0 t=0.0 paused
multiview.js?v=0.7.4:223 [probe]  16291ms 枠4/ media.play VIDEO rs=4
multiview.js?v=0.7.4:223 [probe]  16292ms 枠4/ media.canplay rs=4 ns=2
multiview.js?v=0.7.4:223 [probe]  16292ms 枠4/ media.playing rs=4 ns=2
multiview.js?v=0.7.4:223 [probe]  76008ms 枠2/ beat video無し
multiview.js?v=0.7.4:223 [probe]  24003ms 入れ子/supervisor/v1/index.html?in=web beat video無し
multiview.js?v=0.7.4:223 [probe]  24001ms 入れ子/vp1m0v0z705k/2.0.0/po80zg783iv7hx5vu0ld/assets/export/prd/main/index.html beat video無し
multiview.js?v=0.7.4:223 [probe]  40010ms 枠3/ beat video rs=4 t=3925.7
multiview.js?v=0.7.4:223 [probe]  17011ms 枠4/ beat video rs=0 t=0.0 paused | appendBuffer=28 appendBytes=1011543
multiview.js?v=0.7.4:223 [probe]  86003ms 枠1/ beat video無し
multiview.js?v=0.7.4:223 [probe]  24016ms 入れ子/embed/hvPY8lRsd2M?disablekb=1&fs=0&modestbranding=1&start beat video rs=0 t=0.0 paused
multiview.js?v=0.7.4:223 [probe]  77006ms 枠2/ beat video無し
multiview.js?v=0.7.4:223 [probe]  25003ms 入れ子/supervisor/v1/index.html?in=web beat video無し
multiview.js?v=0.7.4:223 [probe]  25006ms 入れ子/vp1m0v0z705k/2.0.0/po80zg783iv7hx5vu0ld/assets/export/prd/main/index.html beat video無し
multiview.js?v=0.7.4:223 [probe]  41006ms 枠3/ beat video rs=4 t=3926.7 | appendBuffer=2 appendBytes=1540748
multiview.js?v=0.7.4:223 [probe]  18011ms 枠4/ beat video rs=0 t=0.0 paused
multiview.js?v=0.7.4:223 [probe]  87004ms 枠1/ beat video無し
multiview.js?v=0.7.4:223 [probe]  25016ms 入れ子/embed/hvPY8lRsd2M?disablekb=1&fs=0&modestbranding=1&start beat video rs=0 t=0.0 paused
multiview.js?v=0.7.4:223 [probe]  78003ms 枠2/ beat video無し
multiview.js?v=0.7.4:223 [probe]  26003ms 入れ子/supervisor/v1/index.html?in=web beat video無し
multiview.js?v=0.7.4:223 [probe]  18491ms 枠4/ media.load
multiview.js?v=0.7.4:223 [probe]  18495ms 枠4/ media.load
multiview.js?v=0.7.4:223 [probe]  18504ms 枠4/ mediaSession.setActionHandler play
multiview.js?v=0.7.4:223 [probe]  18504ms 枠4/ mediaSession.setActionHandler pause
multiview.js?v=0.7.4:223 [probe]  18504ms 枠4/ mediaSession.setActionHandler seekbackward
multiview.js?v=0.7.4:223 [probe]  18504ms 枠4/ mediaSession.setActionHandler seekforward
multiview.js?v=0.7.4:223 [probe]  18504ms 枠4/ mediaSession.setActionHandler seekto
multiview.js?v=0.7.4:223 [probe]  18504ms 枠4/ mediaSession.setActionHandler nexttrack
multiview.js?v=0.7.4:223 [probe]  18504ms 枠4/ mediaSession.setActionHandler previoustrack
multiview.js?v=0.7.4:223 [probe]  18507ms 枠4/ media.load
multiview.js?v=0.7.4:223 [probe]  18508ms 枠4/ media.play VIDEO rs=0
multiview.js?v=0.7.4:223 [probe]  18547ms 枠4/ media.emptied rs=0 ns=3
multiview.js?v=0.7.4:223 [probe]  18547ms 枠4/ media.waiting rs=0 ns=2
multiview.js?v=0.7.4:223 [probe]  18564ms 枠4/ media.loadstart rs=0 ns=2
multiview.js?v=0.7.4:223 [probe]  18566ms 枠4/ MSE.addSourceBuffer audio/mp4; codecs="mp4a.40.2"
multiview.js?v=0.7.4:223 [probe]  18566ms 枠4/ MSE.addSourceBuffer video/webm; codecs="vp09.00.51.08.01.01.01.01.00"
multiview.js?v=0.7.4:223 [probe]  18568ms 枠4/ mediaSession.setActionHandler play
multiview.js?v=0.7.4:223 [probe]  18568ms 枠4/ mediaSession.setActionHandler pause
multiview.js?v=0.7.4:223 [probe]  18568ms 枠4/ mediaSession.setActionHandler seekbackward
multiview.js?v=0.7.4:223 [probe]  18568ms 枠4/ mediaSession.setActionHandler seekforward
multiview.js?v=0.7.4:223 [probe]  18568ms 枠4/ mediaSession.setActionHandler seekto
multiview.js?v=0.7.4:223 [probe]  18568ms 枠4/ mediaSession.setActionHandler nexttrack
multiview.js?v=0.7.4:223 [probe]  18568ms 枠4/ mediaSession.setActionHandler previoustrack
multiview.js?v=0.7.4:223 [probe]  18599ms 枠4/ mediaSession.setActionHandler play
multiview.js?v=0.7.4:223 [probe]  18599ms 枠4/ mediaSession.setActionHandler pause
multiview.js?v=0.7.4:223 [probe]  18599ms 枠4/ mediaSession.setActionHandler seekbackward
multiview.js?v=0.7.4:223 [probe]  18599ms 枠4/ mediaSession.setActionHandler seekforward
multiview.js?v=0.7.4:223 [probe]  18599ms 枠4/ mediaSession.setActionHandler seekto
multiview.js?v=0.7.4:223 [probe]  18599ms 枠4/ mediaSession.setActionHandler nexttrack
multiview.js?v=0.7.4:223 [probe]  18599ms 枠4/ mediaSession.setActionHandler previoustrack
multiview.js?v=0.7.4:223 [probe]  18603ms 枠4/ media.loadedmetadata rs=1 ns=2
multiview.js?v=0.7.4:223 [probe]  26006ms 入れ子/vp1m0v0z705k/2.0.0/po80zg783iv7hx5vu0ld/assets/export/prd/main/index.html beat video無し
multiview.js?v=0.7.4:223 [probe]  18649ms 枠4/ media.canplay rs=4 ns=2
multiview.js?v=0.7.4:223 [probe]  42011ms 枠3/ beat video rs=4 t=3927.7
multiview.js?v=0.7.4:223 [probe]  19013ms 枠4/ beat video rs=0 t=0.0 paused | appendBuffer=17 appendBytes=224316
multiview.js?v=0.7.4:223 [probe]  88006ms 枠1/ beat video無し
multiview.js?v=0.7.4:223 [probe]  26018ms 入れ子/embed/hvPY8lRsd2M?disablekb=1&fs=0&modestbranding=1&start beat video rs=0 t=0.0 paused
multiview.js?v=0.7.4:223 [probe]  79009ms 枠2/ beat video無し
multiview.js?v=0.7.4:223 [probe]  27004ms 入れ子/supervisor/v1/index.html?in=web beat video無し
multiview.js?v=0.7.4:223 [probe]  27006ms 入れ子/vp1m0v0z705k/2.0.0/po80zg783iv7hx5vu0ld/assets/export/prd/main/index.html beat video無し
multiview.js?v=0.7.4:223 [probe]  43011ms 枠3/ beat video rs=4 t=3928.7 | appendBuffer=2 appendBytes=1545935
multiview.js?v=0.7.4:223 [probe]  20012ms 枠4/ beat video rs=0 t=0.0 paused | appendBuffer=21 appendBytes=60832
multiview.js?v=0.7.4:223 [probe]  89009ms 枠1/ beat video無し
multiview.js?v=0.7.4:223 [probe]  27018ms 入れ子/embed/hvPY8lRsd2M?disablekb=1&fs=0&modestbranding=1&start beat video rs=0 t=0.0 paused
multiview.js?v=0.7.4:223 [probe]  80010ms 枠2/ beat video無し
multiview.js?v=0.7.4:223 [probe]  28003ms 入れ子/supervisor/v1/index.html?in=web beat video無し
multiview.js?v=0.7.4:223 [probe]  28005ms 入れ子/vp1m0v0z705k/2.0.0/po80zg783iv7hx5vu0ld/assets/export/prd/main/index.html beat video無し
multiview.js?v=0.7.4:223 [probe]  44010ms 枠3/ beat video rs=4 t=3929.7
multiview.js?v=0.7.4:223 [probe]  20809ms 枠4/ media.load
multiview.js?v=0.7.4:223 [probe]  20816ms 枠4/ media.load
multiview.js?v=0.7.4:223 [probe]  20826ms 枠4/ mediaSession.setActionHandler play
multiview.js?v=0.7.4:223 [probe]  20827ms 枠4/ mediaSession.setActionHandler pause
multiview.js?v=0.7.4:223 [probe]  20827ms 枠4/ mediaSession.setActionHandler seekbackward
multiview.js?v=0.7.4:223 [probe]  20827ms 枠4/ mediaSession.setActionHandler seekforward
multiview.js?v=0.7.4:223 [probe]  20827ms 枠4/ mediaSession.setActionHandler seekto
multiview.js?v=0.7.4:223 [probe]  20827ms 枠4/ mediaSession.setActionHandler nexttrack
multiview.js?v=0.7.4:223 [probe]  20827ms 枠4/ mediaSession.setActionHandler previoustrack
multiview.js?v=0.7.4:223 [probe]  20831ms 枠4/ media.load
multiview.js?v=0.7.4:223 [probe]  20831ms 枠4/ media.play VIDEO rs=0
multiview.js?v=0.7.4:223 [probe]  20886ms 枠4/ media.emptied rs=0 ns=3
multiview.js?v=0.7.4:223 [probe]  20889ms 枠4/ media.waiting rs=0 ns=2
multiview.js?v=0.7.4:223 [probe]  20902ms 枠4/ media.load
multiview.js?v=0.7.4:223 [probe]  20906ms 枠4/ media.load
multiview.js?v=0.7.4:223 [probe]  20912ms 枠4/ mediaSession.setActionHandler play
multiview.js?v=0.7.4:223 [probe]  20912ms 枠4/ mediaSession.setActionHandler pause
multiview.js?v=0.7.4:223 [probe]  20912ms 枠4/ mediaSession.setActionHandler seekbackward
multiview.js?v=0.7.4:223 [probe]  20912ms 枠4/ mediaSession.setActionHandler seekforward
multiview.js?v=0.7.4:223 [probe]  20912ms 枠4/ mediaSession.setActionHandler seekto
multiview.js?v=0.7.4:223 [probe]  20912ms 枠4/ mediaSession.setActionHandler nexttrack
multiview.js?v=0.7.4:223 [probe]  20913ms 枠4/ mediaSession.setActionHandler previoustrack
multiview.js?v=0.7.4:223 [probe]  20915ms 枠4/ media.load
multiview.js?v=0.7.4:223 [probe]  20916ms 枠4/ media.play VIDEO rs=0
multiview.js?v=0.7.4:223 [probe]  20935ms 枠4/ media.emptied rs=0 ns=3
multiview.js?v=0.7.4:223 [probe]  20935ms 枠4/ media.waiting rs=0 ns=2
multiview.js?v=0.7.4:223 [probe]  20986ms 枠4/ media.loadstart rs=0 ns=2
multiview.js?v=0.7.4:223 [probe]  21019ms 枠4/ MSE.addSourceBuffer audio/mp4; codecs="mp4a.40.2"
multiview.js?v=0.7.4:223 [probe]  21019ms 枠4/ MSE.addSourceBuffer video/webm; codecs="vp09.00.51.08.01.01.01.01.00"
multiview.js?v=0.7.4:223 [probe]  21020ms 枠4/ beat video rs=0 t=0.0 paused | appendBuffer=21 appendBytes=17663
multiview.js?v=0.7.4:223 [probe]  21024ms 枠4/ mediaSession.setActionHandler play
multiview.js?v=0.7.4:223 [probe]  21024ms 枠4/ mediaSession.setActionHandler pause
multiview.js?v=0.7.4:223 [probe]  21024ms 枠4/ mediaSession.setActionHandler seekbackward
multiview.js?v=0.7.4:223 [probe]  21024ms 枠4/ mediaSession.setActionHandler seekforward
multiview.js?v=0.7.4:223 [probe]  21024ms 枠4/ mediaSession.setActionHandler seekto
multiview.js?v=0.7.4:223 [probe]  21024ms 枠4/ mediaSession.setActionHandler nexttrack
multiview.js?v=0.7.4:223 [probe]  21024ms 枠4/ mediaSession.setActionHandler previoustrack
multiview.js?v=0.7.4:223 [probe]  21027ms 枠4/ media.loadedmetadata rs=1 ns=2
multiview.js?v=0.7.4:223 [probe]  90004ms 枠1/ beat video無し
multiview.js?v=0.7.4:223 [probe]  21095ms 枠4/ media.play VIDEO rs=4
multiview.js?v=0.7.4:223 [probe]  21096ms 枠4/ media.canplay rs=4 ns=2
multiview.js?v=0.7.4:223 [probe]  21096ms 枠4/ media.playing rs=4 ns=2
multiview.js?v=0.7.4:223 [probe]  28016ms 入れ子/embed/hvPY8lRsd2M?disablekb=1&fs=0&modestbranding=1&start beat video rs=0 t=0.0 paused
multiview.js?v=0.7.4:223 [probe]  81008ms 枠2/ beat video無し
multiview.js?v=0.7.4:223 [probe]  29003ms 入れ子/supervisor/v1/index.html?in=web beat video無し
multiview.js?v=0.7.4:223 [probe]  29006ms 入れ子/vp1m0v0z705k/2.0.0/po80zg783iv7hx5vu0ld/assets/export/prd/main/index.html beat video無し
multiview.js?v=0.7.4:223 [probe]  45008ms 枠3/ beat video rs=4 t=3930.7 | appendBuffer=2 appendBytes=1545299
multiview.js?v=0.7.4:223 [probe]  91006ms 枠1/ beat video無し
multiview.js?v=0.7.4:223 [probe]  22057ms 枠4/ media.load
multiview.js?v=0.7.4:223 [probe]  22062ms 枠4/ media.load
multiview.js?v=0.7.4:223 [probe]  22070ms 枠4/ mediaSession.setActionHandler play
multiview.js?v=0.7.4:223 [probe]  22070ms 枠4/ mediaSession.setActionHandler pause
multiview.js?v=0.7.4:223 [probe]  22070ms 枠4/ mediaSession.setActionHandler seekbackward
multiview.js?v=0.7.4:223 [probe]  22070ms 枠4/ mediaSession.setActionHandler seekforward
multiview.js?v=0.7.4:223 [probe]  22070ms 枠4/ mediaSession.setActionHandler seekto
multiview.js?v=0.7.4:223 [probe]  22070ms 枠4/ mediaSession.setActionHandler nexttrack
multiview.js?v=0.7.4:223 [probe]  22070ms 枠4/ mediaSession.setActionHandler previoustrack
multiview.js?v=0.7.4:223 [probe]  22073ms 枠4/ media.load
multiview.js?v=0.7.4:223 [probe]  22073ms 枠4/ media.play VIDEO rs=0
multiview.js?v=0.7.4:223 [probe]  22094ms 枠4/ media.emptied rs=0 ns=3
multiview.js?v=0.7.4:223 [probe]  22098ms 枠4/ media.waiting rs=0 ns=2
multiview.js?v=0.7.4:223 [probe]  22117ms 枠4/ beat video rs=0 t=0.0 paused | appendBuffer=12 appendBytes=1358103
multiview.js?v=0.7.4:223 [probe]  22117ms 枠4/ media.loadstart rs=0 ns=2
multiview.js?v=0.7.4:223 [probe]  22121ms 枠4/ MSE.addSourceBuffer audio/mp4; codecs="mp4a.40.2"
multiview.js?v=0.7.4:223 [probe]  22121ms 枠4/ MSE.addSourceBuffer video/webm; codecs="vp09.00.51.08.01.01.01.01.00"
multiview.js?v=0.7.4:223 [probe]  22156ms 枠4/ mediaSession.setActionHandler play
multiview.js?v=0.7.4:223 [probe]  22156ms 枠4/ mediaSession.setActionHandler pause
multiview.js?v=0.7.4:223 [probe]  22156ms 枠4/ mediaSession.setActionHandler seekbackward
multiview.js?v=0.7.4:223 [probe]  22156ms 枠4/ mediaSession.setActionHandler seekforward
multiview.js?v=0.7.4:223 [probe]  22156ms 枠4/ mediaSession.setActionHandler seekto
multiview.js?v=0.7.4:223 [probe]  22156ms 枠4/ mediaSession.setActionHandler nexttrack
multiview.js?v=0.7.4:223 [probe]  22156ms 枠4/ mediaSession.setActionHandler previoustrack
multiview.js?v=0.7.4:223 [probe]  22289ms 枠4/ media.load
multiview.js?v=0.7.4:223 [probe]  22298ms 枠4/ mediaSession.setActionHandler play
multiview.js?v=0.7.4:223 [probe]  22299ms 枠4/ mediaSession.setActionHandler pause
multiview.js?v=0.7.4:223 [probe]  22299ms 枠4/ mediaSession.setActionHandler seekbackward
multiview.js?v=0.7.4:223 [probe]  22299ms 枠4/ mediaSession.setActionHandler seekforward
multiview.js?v=0.7.4:223 [probe]  22299ms 枠4/ mediaSession.setActionHandler seekto
multiview.js?v=0.7.4:223 [probe]  22299ms 枠4/ mediaSession.setActionHandler nexttrack
multiview.js?v=0.7.4:223 [probe]  22299ms 枠4/ mediaSession.setActionHandler previoustrack
multiview.js?v=0.7.4:223 [probe]  22312ms 枠4/ media.load
multiview.js?v=0.7.4:223 [probe]  22313ms 枠4/ media.play VIDEO rs=0
multiview.js?v=0.7.4:223 [probe]  22336ms 枠4/ media.loadedmetadata rs=1 ns=2
multiview.js?v=0.7.4:223 [probe]  82002ms 枠2/ beat video無し
multiview.js?v=0.7.4:223 [probe]  22347ms 枠4/ media.emptied rs=0 ns=3
multiview.js?v=0.7.4:223 [probe]  22348ms 枠4/ media.waiting rs=0 ns=2
multiview.js?v=0.7.4:223 [probe]  29118ms 入れ子/embed/hvPY8lRsd2M?disablekb=1&fs=0&modestbranding=1&start beat video rs=0 t=0.0 paused
multiview.js?v=0.7.4:223 [probe]  22366ms 枠4/ media.loadstart rs=0 ns=2
multiview.js?v=0.7.4:223 [probe]  22382ms 枠4/ MSE.addSourceBuffer audio/mp4; codecs="mp4a.40.2"
multiview.js?v=0.7.4:223 [probe]  22382ms 枠4/ MSE.addSourceBuffer video/webm; codecs="vp09.00.51.08.01.01.01.01.00"
multiview.js?v=0.7.4:223 [probe]  22396ms 枠4/ mediaSession.setActionHandler play
multiview.js?v=0.7.4:223 [probe]  22396ms 枠4/ mediaSession.setActionHandler pause
multiview.js?v=0.7.4:223 [probe]  22396ms 枠4/ mediaSession.setActionHandler seekbackward
multiview.js?v=0.7.4:223 [probe]  22396ms 枠4/ mediaSession.setActionHandler seekforward
multiview.js?v=0.7.4:223 [probe]  22396ms 枠4/ mediaSession.setActionHandler seekto
multiview.js?v=0.7.4:223 [probe]  22396ms 枠4/ mediaSession.setActionHandler nexttrack
multiview.js?v=0.7.4:223 [probe]  22396ms 枠4/ mediaSession.setActionHandler previoustrack
multiview.js?v=0.7.4:223 [probe]  30008ms 入れ子/supervisor/v1/index.html?in=web beat video無し
multiview.js?v=0.7.4:223 [probe]  22422ms 枠4/ mediaSession.setActionHandler play
multiview.js?v=0.7.4:223 [probe]  22422ms 枠4/ mediaSession.setActionHandler pause
multiview.js?v=0.7.4:223 [probe]  22422ms 枠4/ mediaSession.setActionHandler seekbackward
multiview.js?v=0.7.4:223 [probe]  22422ms 枠4/ mediaSession.setActionHandler seekforward
multiview.js?v=0.7.4:223 [probe]  22422ms 枠4/ mediaSession.setActionHandler seekto
multiview.js?v=0.7.4:223 [probe]  22422ms 枠4/ mediaSession.setActionHandler nexttrack
multiview.js?v=0.7.4:223 [probe]  22422ms 枠4/ mediaSession.setActionHandler previoustrack
multiview.js?v=0.7.4:223 [probe]  22443ms 枠4/ media.loadedmetadata rs=1 ns=2
multiview.js?v=0.7.4:223 [probe]  22472ms 枠4/ media.canplay rs=4 ns=2
multiview.js?v=0.7.4:223 [probe]  22520ms 枠4/ media.play VIDEO rs=4
multiview.js?v=0.7.4:223 [probe]  22522ms 枠4/ media.canplay rs=4 ns=2
multiview.js?v=0.7.4:223 [probe]  22522ms 枠4/ media.playing rs=4 ns=2
multiview.js?v=0.7.4:223 [probe]  30008ms 入れ子/vp1m0v0z705k/2.0.0/po80zg783iv7hx5vu0ld/assets/export/prd/main/index.html beat video無し
multiview.js?v=0.7.4:223 [probe]  46003ms 枠3/ beat video rs=4 t=3931.7
www.youtube.com/watch?v=-jwnlKx5jls:1 Access to fetch at 'https://googleads.g.doubleclick.net/pagead/viewthroughconversion/962985656/?backend=innertube&cname=1&cver=2_20260731&foc_id=xx49bVTrbx4_vcMden64iQ&label=followon_view&ptype=no_rmkt&random=818541196&cv_attributed=0' (redirected from 'https://www.youtube.com/pagead/viewthroughconversion/962985656/?backend=innertube&cname=1&cver=2_20260731&foc_id=xx49bVTrbx4_vcMden64iQ&label=followon_view&ptype=no_rmkt&random=818541196') from origin 'https://www.youtube.com' has been blocked by CORS policy: No 'Access-Control-Allow-Origin' header is present on the requested resource.
base.js:1330  GET https://googleads.g.doubleclick.net/pagead/viewthroughconversion/962985656/?backend=innertube&cname=1&cver=2_20260731&foc_id=xx49bVTrbx4_vcMden64iQ&label=followon_view&ptype=no_rmkt&random=818541196&cv_attributed=0 net::ERR_FAILED 302 (Found)
Dqm @ base.js:1330
dG @ base.js:4311
(anonymous) @ base.js:4536
then @ base.js:6201
A9 @ base.js:4536
$Rp @ base.js:4543
Yo @ base.js:7571
Yo @ base.js:7577
UJ @ base.js:7716
Wt @ base.js:4755
(anonymous) @ base.js:4754
(anonymous) @ base.js:1291
setInterval
(anonymous) @ base.js:1316
soo @ base.js:4754
Vi @ base.js:7710
(anonymous) @ base.js:1291
aE @ base.js:905
(anonymous) @ base.js:5961
dispatchEvent @ base.js:6675
(anonymous) @ base.js:7863
multiview.js?v=0.7.4:223 [probe]  92010ms 枠1/ beat video無し
multiview.js?v=0.7.4:223 [probe]  83012ms 枠2/ beat video無し
multiview.js?v=0.7.4:223 [probe]  31004ms 入れ子/supervisor/v1/index.html?in=web beat video無し
multiview.js?v=0.7.4:223 [probe]  31006ms 入れ子/vp1m0v0z705k/2.0.0/po80zg783iv7hx5vu0ld/assets/export/prd/main/index.html beat video無し
multiview.js?v=0.7.4:223 [probe]  47007ms 枠3/ beat video rs=4 t=3932.7 | appendBuffer=2 appendBytes=1544642
multiview.js?v=0.7.4:223 [probe]  93006ms 枠1/ beat video無し
multiview.js?v=0.7.4:223 [probe]  84008ms 枠2/ beat video無し
multiview.js?v=0.7.4:223 [probe]  32004ms 入れ子/supervisor/v1/index.html?in=web beat video無し
multiview.js?v=0.7.4:223 [probe]  32005ms 入れ子/vp1m0v0z705k/2.0.0/po80zg783iv7hx5vu0ld/assets/export/prd/main/index.html beat video無し
multiview.js?v=0.7.4:223 [probe]  48011ms 枠3/ beat video rs=4 t=3933.7
multiview.js?v=0.7.4:223 [probe]  94003ms 枠1/ beat video無し
multiview.js?v=0.7.4:223 [probe]  85010ms 枠2/ beat video無し
multiview.js?v=0.7.4:223 [probe]  33003ms 入れ子/supervisor/v1/index.html?in=web beat video無し
multiview.js?v=0.7.4:223 [probe]  33006ms 入れ子/vp1m0v0z705k/2.0.0/po80zg783iv7hx5vu0ld/assets/export/prd/main/index.html beat video無し
multiview.js?v=0.7.4:223 [probe]  49003ms 枠3/ beat video rs=4 t=3934.7 | appendBuffer=2 appendBytes=1544541
multiview.js?v=0.7.4:223 [probe]  95012ms 枠1/ beat video無し
multiview.js?v=0.7.4:223 [probe] ------ 枠4/ の心拍が 4182ms 途切れた = このフレームは落ちた ------
multiview.js?v=0.7.4:223 [probe]  86004ms 枠2/ beat video無し
multiview.js?v=0.7.4:223 [probe]  34003ms 入れ子/supervisor/v1/index.html?in=web beat video無し
multiview.js?v=0.7.4:223 [probe]  34006ms 入れ子/vp1m0v0z705k/2.0.0/po80zg783iv7hx5vu0ld/assets/export/prd/main/index.html beat video無し
multiview.js?v=0.7.4:223 [probe]  50005ms 枠3/ beat video rs=4 t=3935.7
multiview.js?v=0.7.4:223 [probe]  96005ms 枠1/ beat video無し
multiview.js?v=0.7.4:223 [probe] ------ 入れ子/embed/hvPY8lRsd2M?disablekb=1&fs=0&modestbranding=1&start の心拍が 4948ms 途切れた = このフレームは落ちた ------
multiview.js?v=0.7.4:223 [probe]  87004ms 枠2/ beat video無し
multiview.js?v=0.7.4:223 [probe]  35004ms 入れ子/supervisor/v1/index.html?in=web beat video無し
multiview.js?v=0.7.4:223 [probe]  35006ms 入れ子/vp1m0v0z705k/2.0.0/po80zg783iv7hx5vu0ld/assets/export/prd/main/index.html beat video無し
multiview.js?v=0.7.4:223 [probe]  51002ms 枠3/ beat video rs=4 t=3936.7 | appendBuffer=2 appendBytes=1545612
multiview.js?v=0.7.4:223 [probe]  97006ms 枠1/ beat video無し
multiview.js?v=0.7.4:223 [probe]  88009ms 枠2/ beat video無し
multiview.js?v=0.7.4:223 [probe]  36003ms 入れ子/supervisor/v1/index.html?in=web beat video無し
multiview.js?v=0.7.4:223 [probe]  36007ms 入れ子/vp1m0v0z705k/2.0.0/po80zg783iv7hx5vu0ld/assets/export/prd/main/index.html beat video無し
multiview.js?v=0.7.4:223 [probe]  52011ms 枠3/ beat video rs=4 t=3937.7
multiview.js?v=0.7.4:223 [probe]  98004ms 枠1/ beat video無し
multiview.js?v=0.7.4:223 [probe]  89010ms 枠2/ beat video無し
multiview.js?v=0.7.4:223 [probe]  37004ms 入れ子/supervisor/v1/index.html?in=web beat video無し
multiview.js?v=0.7.4:223 [probe]  37003ms 入れ子/vp1m0v0z705k/2.0.0/po80zg783iv7hx5vu0ld/assets/export/prd/main/index.html beat video無し
multiview.js?v=0.7.4:223 [probe]  53011ms 枠3/ beat video rs=4 t=3938.7 | appendBuffer=2 appendBytes=1545998
multiview.js?v=0.7.4:223 [probe]  99004ms 枠1/ beat video無し
multiview.js?v=0.7.4:223 [probe]  90009ms 枠2/ beat video無し
multiview.js?v=0.7.4:223 [probe]  38005ms 入れ子/supervisor/v1/index.html?in=web beat video無し
multiview.js?v=0.7.4:223 [probe]  38001ms 入れ子/vp1m0v0z705k/2.0.0/po80zg783iv7hx5vu0ld/assets/export/prd/main/index.html beat video無し
multiview.js?v=0.7.4:223 [probe]  54007ms 枠3/ beat video rs=4 t=3939.7
multiview.js?v=0.7.4:223 [probe] 100004ms 枠1/ beat video無し
multiview.js?v=0.7.4:223 [probe]  91007ms 枠2/ beat video無し
multiview.js?v=0.7.4:223 [probe]  39006ms 入れ子/supervisor/v1/index.html?in=web beat video無し
multiview.js?v=0.7.4:223 [probe]  39007ms 入れ子/vp1m0v0z705k/2.0.0/po80zg783iv7hx5vu0ld/assets/export/prd/main/index.html beat video無し
multiview.js?v=0.7.4:223 [probe]  55011ms 枠3/ beat video rs=4 t=3940.7 | appendBuffer=2 appendBytes=1544391
multiview.js?v=0.7.4:223 [probe] 101025ms 枠1/ beat video無し
 [probe]  40003ms 入れ子/supervisor/v1/index.html?in=web beat video無し
 [probe]  92060ms 枠2/ beat video無し
 [probe]  40007ms 入れ子/vp1m0v0z705k/2.0.0/po80zg783iv7hx5vu0ld/assets/export/prd/main/index.html beat video無し
 [probe]  56011ms 枠3/ beat video rs=4 t=3941.7
 [probe] 102024ms 枠1/ beat video無し
 [probe]  93033ms 枠2/ beat video無し
 [probe]  41004ms 入れ子/supervisor/v1/index.html?in=web beat video無し
 [probe]  41006ms 入れ子/vp1m0v0z705k/2.0.0/po80zg783iv7hx5vu0ld/assets/export/prd/main/index.html beat video無し
 [probe]  57011ms 枠3/ beat video rs=4 t=3942.7 | appendBuffer=2 appendBytes=1544259
 [probe] 103031ms 枠1/ beat video無し
 [probe]  94023ms 枠2/ beat video無し
 [probe]  42005ms 入れ子/supervisor/v1/index.html?in=web beat video無し
 [probe]  42007ms 入れ子/vp1m0v0z705k/2.0.0/po80zg783iv7hx5vu0ld/assets/export/prd/main/index.html beat video無し
 [probe]  58003ms 枠3/ beat video rs=4 t=3943.7
 [probe] 104041ms 枠1/ beat video無し
 [probe]  95040ms 枠2/ beat video無し
 [probe]  43004ms 入れ子/supervisor/v1/index.html?in=web beat video無し
 [probe]  43007ms 入れ子/vp1m0v0z705k/2.0.0/po80zg783iv7hx5vu0ld/assets/export/prd/main/index.html beat video無し
 [probe]  59012ms 枠3/ beat video rs=4 t=3944.7 | appendBuffer=2 appendBytes=1544146
 [probe] 105039ms 枠1/ beat video無し
 [probe]  96033ms 枠2/ beat video無し
 [probe]  44004ms 入れ子/supervisor/v1/index.html?in=web beat video無し
 [probe]  44002ms 入れ子/vp1m0v0z705k/2.0.0/po80zg783iv7hx5vu0ld/assets/export/prd/main/index.html beat video無し
 [probe]  60011ms 枠3/ beat video rs=4 t=3945.7
 [probe] 106024ms 枠1/ beat video無し
 [probe]  97010ms 枠2/ beat video無し
 [probe]  45004ms 入れ子/supervisor/v1/index.html?in=web beat video無し
 [probe]  45004ms 入れ子/vp1m0v0z705k/2.0.0/po80zg783iv7hx5vu0ld/assets/export/prd/main/index.html beat video無し
 [probe]  61007ms 枠3/ beat video rs=4 t=3946.7 | appendBuffer=2 appendBytes=1545720
 [probe] 107017ms 枠1/ beat video無し
 [probe]  98008ms 枠2/ beat video無し
 [probe]  46004ms 入れ子/supervisor/v1/index.html?in=web beat video無し
 [probe]  46007ms 入れ子/vp1m0v0z705k/2.0.0/po80zg783iv7hx5vu0ld/assets/export/prd/main/index.html beat video無し
 [probe]  62011ms 枠3/ beat video rs=4 t=3947.7
 [probe] 108003ms 枠1/ beat video無し
 [probe]  99009ms 枠2/ beat video無し
 [probe]  47001ms 入れ子/supervisor/v1/index.html?in=web beat video無し
 [probe]  47003ms 入れ子/vp1m0v0z705k/2.0.0/po80zg783iv7hx5vu0ld/assets/export/prd/main/index.html beat video無し
 [probe]  63009ms 枠3/ beat video rs=4 t=3948.7 | appendBuffer=2 appendBytes=1544249
 [probe] 109011ms 枠1/ beat video無し
 [probe] 100009ms 枠2/ beat video無し
 [probe]  48005ms 入れ子/supervisor/v1/index.html?in=web beat video無し
 [probe]  48007ms 入れ子/vp1m0v0z705k/2.0.0/po80zg783iv7hx5vu0ld/assets/export/prd/main/index.html beat video無し
 [probe]  64009ms 枠3/ beat video rs=4 t=3949.7
 [probe] 110004ms 枠1/ beat video無し
 [probe] 101007ms 枠2/ beat video無し
 [probe]  49004ms 入れ子/supervisor/v1/index.html?in=web beat video無し
 [probe]  49007ms 入れ子/vp1m0v0z705k/2.0.0/po80zg783iv7hx5vu0ld/assets/export/prd/main/index.html beat video無し
 [probe]  65008ms 枠3/ beat video rs=4 t=3950.7 | appendBuffer=2 appendBytes=1544492
 [probe] 111010ms 枠1/ beat video無し
 [probe] 102013ms 枠2/ beat video無し
 [probe]  50004ms 入れ子/supervisor/v1/index.html?in=web beat video無し
 [probe]  50000ms 入れ子/vp1m0v0z705k/2.0.0/po80zg783iv7hx5vu0ld/assets/export/prd/main/index.html beat video無し
 [probe]  66011ms 枠3/ beat video rs=4 t=3951.7
 [probe] 112004ms 枠1/ beat video無し
 [probe] 103010ms 枠2/ beat video無し
 [probe]  51005ms 入れ子/supervisor/v1/index.html?in=web beat video無し
 [probe]  51004ms 入れ子/vp1m0v0z705k/2.0.0/po80zg783iv7hx5vu0ld/assets/export/prd/main/index.html beat video無し
 [probe]  67011ms 枠3/ beat video rs=4 t=3952.7 | appendBuffer=2 appendBytes=1544833
 [probe] 113006ms 枠1/ beat video無し
 [probe] 104009ms 枠2/ beat video無し
 [probe]  52001ms 入れ子/supervisor/v1/index.html?in=web beat video無し
 [probe]  52003ms 入れ子/vp1m0v0z705k/2.0.0/po80zg783iv7hx5vu0ld/assets/export/prd/main/index.html beat video無し
 [probe]  68011ms 枠3/ beat video rs=4 t=3953.7
 [probe] 114004ms 枠1/ beat video無し
 [probe] 105007ms 枠2/ beat video無し
 [probe]  53004ms 入れ子/supervisor/v1/index.html?in=web beat video無し
 [probe]  53001ms 入れ子/vp1m0v0z705k/2.0.0/po80zg783iv7hx5vu0ld/assets/export/prd/main/index.html beat video無し
 [probe]  69009ms 枠3/ beat video rs=4 t=3954.7 | appendBuffer=2 appendBytes=1546028
 [probe] 115003ms 枠1/ beat video無し
 [probe] 106008ms 枠2/ beat video無し
 [probe]  54003ms 入れ子/supervisor/v1/index.html?in=web beat video無し
 [probe]  54005ms 入れ子/vp1m0v0z705k/2.0.0/po80zg783iv7hx5vu0ld/assets/export/prd/main/index.html beat video無し
 [probe]  70011ms 枠3/ beat video rs=4 t=3955.7
 [probe] 116004ms 枠1/ beat video無し
 [probe] 107006ms 枠2/ beat video無し
 [probe]  55006ms 入れ子/supervisor/v1/index.html?in=web beat video無し
 [probe]  55007ms 入れ子/vp1m0v0z705k/2.0.0/po80zg783iv7hx5vu0ld/assets/export/prd/main/index.html beat video無し
 [probe]  71006ms 枠3/ beat video rs=4 t=3956.7 | appendBuffer=2 appendBytes=1545318
 [probe] 117006ms 枠1/ beat video無し
 [probe] 108004ms 枠2/ beat video無し
 [probe]  56006ms 入れ子/supervisor/v1/index.html?in=web beat video無し
 [probe]  56007ms 入れ子/vp1m0v0z705k/2.0.0/po80zg783iv7hx5vu0ld/assets/export/prd/main/index.html beat video無し
 [probe]  72002ms 枠3/ beat video rs=4 t=3957.7
 [probe] 118004ms 枠1/ beat video無し
 [probe] 109007ms 枠2/ beat video無し
 [probe]  57002ms 入れ子/supervisor/v1/index.html?in=web beat video無し
 [probe]  57005ms 入れ子/vp1m0v0z705k/2.0.0/po80zg783iv7hx5vu0ld/assets/export/prd/main/index.html beat video無し
 [probe]  73012ms 枠3/ beat video rs=4 t=3958.7 | appendBuffer=2 appendBytes=1697123
 [probe] 119008ms 枠1/ beat video無し
 [probe] 110006ms 枠2/ beat video無し
 [probe]  58004ms 入れ子/supervisor/v1/index.html?in=web beat video無し
 [probe]  58007ms 入れ子/vp1m0v0z705k/2.0.0/po80zg783iv7hx5vu0ld/assets/export/prd/main/index.html beat video無し
 [probe]  74005ms 枠3/ beat video rs=4 t=3959.7
 [probe] 120005ms 枠1/ beat video無し
 [probe] 111011ms 枠2/ beat video無し
 [probe]  59004ms 入れ子/supervisor/v1/index.html?in=web beat video無し
 [probe]  59001ms 入れ子/vp1m0v0z705k/2.0.0/po80zg783iv7hx5vu0ld/assets/export/prd/main/index.html beat video無し
 [probe]  75010ms 枠3/ beat video rs=4 t=3960.7 | appendBuffer=2 appendBytes=1392023
 [probe] 121003ms 枠1/ beat video無し
 [probe] 112009ms 枠2/ beat video無し
 [probe]  60004ms 入れ子/supervisor/v1/index.html?in=web beat video無し
 [probe]  60007ms 入れ子/vp1m0v0z705k/2.0.0/po80zg783iv7hx5vu0ld/assets/export/prd/main/index.html beat video無し
 [probe]  76012ms 枠3/ beat video rs=4 t=3961.7
 [probe] 122003ms 枠1/ beat video無し
 [probe] 113008ms 枠2/ beat video無し
 [probe]  61004ms 入れ子/supervisor/v1/index.html?in=web beat video無し
 [probe]  61014ms 入れ子/vp1m0v0z705k/2.0.0/po80zg783iv7hx5vu0ld/assets/export/prd/main/index.html beat video無し
 [probe]  77004ms 枠3/ beat video rs=4 t=3962.7 | appendBuffer=2 appendBytes=1546014
 [probe] 123005ms 枠1/ beat video無し
 [probe] 114012ms 枠2/ beat video無し
 [probe]  62004ms 入れ子/supervisor/v1/index.html?in=web beat video無し
 [probe]  62010ms 入れ子/vp1m0v0z705k/2.0.0/po80zg783iv7hx5vu0ld/assets/export/prd/main/index.html beat video無し
 [probe]  78003ms 枠3/ beat video rs=4 t=3963.7
 [probe] 124004ms 枠1/ beat video無し
 [probe] 115008ms 枠2/ beat video無し
 [probe]  63004ms 入れ子/supervisor/v1/index.html?in=web beat video無し
 [probe]  63007ms 入れ子/vp1m0v0z705k/2.0.0/po80zg783iv7hx5vu0ld/assets/export/prd/main/index.html beat video無し
 [probe]  79003ms 枠3/ beat video rs=4 t=3964.7 | appendBuffer=2 appendBytes=1544948
 [probe] 125003ms 枠1/ beat video無し
 [probe] 116011ms 枠2/ beat video無し
 [probe]  64004ms 入れ子/supervisor/v1/index.html?in=web beat video無し
 [probe]  64008ms 入れ子/vp1m0v0z705k/2.0.0/po80zg783iv7hx5vu0ld/assets/export/prd/main/index.html beat video無し
 [probe]  80006ms 枠3/ beat video rs=4 t=3965.7
 [probe] 126004ms 枠1/ beat video無し
 [probe] 117010ms 枠2/ beat video無し
 [probe]  65004ms 入れ子/supervisor/v1/index.html?in=web beat video無し
 [probe]  65007ms 入れ子/vp1m0v0z705k/2.0.0/po80zg783iv7hx5vu0ld/assets/export/prd/main/index.html beat video無し
 [probe]  81005ms 枠3/ beat video rs=4 t=3966.7 | appendBuffer=2 appendBytes=1547323
 [probe] 127005ms 枠1/ beat video無し
 [probe] 118006ms 枠2/ beat video無し
 [probe]  66005ms 入れ子/supervisor/v1/index.html?in=web beat video無し
 [probe]  66013ms 入れ子/vp1m0v0z705k/2.0.0/po80zg783iv7hx5vu0ld/assets/export/prd/main/index.html beat video無し
 [probe]  82008ms 枠3/ beat video rs=4 t=3967.7
 [probe] 128008ms 枠1/ beat video無し
 [probe] 119006ms 枠2/ beat video無し
 [probe]  67005ms 入れ子/supervisor/v1/index.html?in=web beat video無し
 [probe]  67007ms 入れ子/vp1m0v0z705k/2.0.0/po80zg783iv7hx5vu0ld/assets/export/prd/main/index.html beat video無し
 [probe]  83003ms 枠3/ beat video rs=4 t=3968.7 | appendBuffer=2 appendBytes=1541286
 [probe] 129004ms 枠1/ beat video無し
 [probe] 120002ms 枠2/ beat video無し
 [probe]  68004ms 入れ子/supervisor/v1/index.html?in=web beat video無し
 [probe]  68007ms 入れ子/vp1m0v0z705k/2.0.0/po80zg783iv7hx5vu0ld/assets/export/prd/main/index.html beat video無し
 [probe]  84002ms 枠3/ beat video rs=4 t=3969.7
 [probe] 130015ms 枠1/ beat video無し
 [probe] 121008ms 枠2/ beat video無し
 [probe]  69004ms 入れ子/supervisor/v1/index.html?in=web beat video無し
 [probe]  69005ms 入れ子/vp1m0v0z705k/2.0.0/po80zg783iv7hx5vu0ld/assets/export/prd/main/index.html beat video無し
 [probe]  85012ms 枠3/ beat video rs=4 t=3970.7 | appendBuffer=2 appendBytes=1545610
 [probe] 131126ms 枠1/ beat video無し
 [probe] 122014ms 枠2/ beat video無し
 [probe]  70006ms 入れ子/supervisor/v1/index.html?in=web beat video無し
 [probe]  70005ms 入れ子/vp1m0v0z705k/2.0.0/po80zg783iv7hx5vu0ld/assets/export/prd/main/index.html beat video無し
 [probe]  86012ms 枠3/ beat video rs=4 t=3971.7
 [probe] 132014ms 枠1/ beat video無し
 [probe] 123001ms 枠2/ beat video無し
 [probe]  71004ms 入れ子/supervisor/v1/index.html?in=web beat video無し
 [probe]  71008ms 入れ子/vp1m0v0z705k/2.0.0/po80zg783iv7hx5vu0ld/assets/export/prd/main/index.html beat video無し
 [probe]  87012ms 枠3/ beat video rs=4 t=3972.7 | appendBuffer=2 appendBytes=1544141
 [probe] 133011ms 枠1/ beat video無し
 [probe] 124012ms 枠2/ beat video無し
 [probe]  72004ms 入れ子/supervisor/v1/index.html?in=web beat video無し
 [probe]  72001ms 入れ子/vp1m0v0z705k/2.0.0/po80zg783iv7hx5vu0ld/assets/export/prd/main/index.html beat video無し
 [probe]  88008ms 枠3/ beat video rs=4 t=3973.7
 [probe] 134012ms 枠1/ beat video無し
 [probe] 125001ms 枠2/ beat video無し
 [probe]  73005ms 入れ子/supervisor/v1/index.html?in=web beat video無し
 [probe]  73008ms 入れ子/vp1m0v0z705k/2.0.0/po80zg783iv7hx5vu0ld/assets/export/prd/main/index.html beat video無し
 [probe]  89006ms 枠3/ beat video rs=4 t=3974.7 | appendBuffer=2 appendBytes=1544054
 [probe] 135011ms 枠1/ beat video無し
 [probe] 126002ms 枠2/ beat video無し
 [probe]  74005ms 入れ子/supervisor/v1/index.html?in=web beat video無し
 [probe]  74007ms 入れ子/vp1m0v0z705k/2.0.0/po80zg783iv7hx5vu0ld/assets/export/prd/main/index.html beat video無し
 [probe]  90004ms 枠3/ beat video rs=4 t=3975.7
 [probe] 136005ms 枠1/ beat video無し
 [probe] 127004ms 枠2/ beat video無し
 [probe]  75005ms 入れ子/supervisor/v1/index.html?in=web beat video無し
 [probe]  75008ms 入れ子/vp1m0v0z705k/2.0.0/po80zg783iv7hx5vu0ld/assets/export/prd/main/index.html beat video無し
 [probe]  91004ms 枠3/ beat video rs=4 t=3976.7 | appendBuffer=2 appendBytes=1544440
 [probe] 137008ms 枠1/ beat video無し
 [probe] 128006ms 枠2/ beat video無し
 [probe]  76005ms 入れ子/supervisor/v1/index.html?in=web beat video無し
 [probe]  76001ms 入れ子/vp1m0v0z705k/2.0.0/po80zg783iv7hx5vu0ld/assets/export/prd/main/index.html beat video無し
 [probe]  92009ms 枠3/ beat video rs=4 t=3977.7
 [probe] 138004ms 枠1/ beat video無し
 [probe] 129001ms 枠2/ beat video無し
 [probe]  77006ms 入れ子/supervisor/v1/index.html?in=web beat video無し
 [probe]  77008ms 入れ子/vp1m0v0z705k/2.0.0/po80zg783iv7hx5vu0ld/assets/export/prd/main/index.html beat video無し
 [probe]  93004ms 枠3/ beat video rs=4 t=3978.7 | appendBuffer=2 appendBytes=1545658
 [probe] 139007ms 枠1/ beat video無し
 [probe] 130003ms 枠2/ beat video無し
 [probe]  78005ms 入れ子/supervisor/v1/index.html?in=web beat video無し
 [probe]  78009ms 入れ子/vp1m0v0z705k/2.0.0/po80zg783iv7hx5vu0ld/assets/export/prd/main/index.html beat video無し
 [probe]  94012ms 枠3/ beat video rs=4 t=3979.7
 [probe] 140013ms 枠1/ beat video無し
 [probe] 131008ms 枠2/ beat video無し
 [probe]  79005ms 入れ子/supervisor/v1/index.html?in=web beat video無し
 [probe]  79005ms 入れ子/vp1m0v0z705k/2.0.0/po80zg783iv7hx5vu0ld/assets/export/prd/main/index.html beat video無し
 [probe]  95012ms 枠3/ beat video rs=4 t=3980.7 | appendBuffer=2 appendBytes=1544688
 [probe] 141012ms 枠1/ beat video無し
 [probe] 132003ms 枠2/ beat video無し
 [probe]  80005ms 入れ子/supervisor/v1/index.html?in=web beat video無し
 [probe]  80001ms 入れ子/vp1m0v0z705k/2.0.0/po80zg783iv7hx5vu0ld/assets/export/prd/main/index.html beat video無し
 [probe]  96008ms 枠3/ beat video rs=4 t=3981.7
 [probe] 142014ms 枠1/ beat video無し
 [probe] 133009ms 枠2/ beat video無し
 [probe]  81002ms 入れ子/supervisor/v1/index.html?in=web beat video無し
 [probe]  81004ms 入れ子/vp1m0v0z705k/2.0.0/po80zg783iv7hx5vu0ld/assets/export/prd/main/index.html beat video無し
 [probe]  97010ms 枠3/ beat video rs=4 t=3982.7 | appendBuffer=2 appendBytes=1544435
 [probe] 143004ms 枠1/ beat video無し
 [probe] 134004ms 枠2/ beat video無し
 [probe]  82005ms 入れ子/supervisor/v1/index.html?in=web beat video無し
 [probe]  82003ms 入れ子/vp1m0v0z705k/2.0.0/po80zg783iv7hx5vu0ld/assets/export/prd/main/index.html beat video無し
 [probe]  98008ms 枠3/ beat video rs=4 t=3983.7
 [probe] 144003ms 枠1/ beat video無し
 [probe] 135007ms 枠2/ beat video無し
 [probe]  83005ms 入れ子/supervisor/v1/index.html?in=web beat video無し
 [probe]  83010ms 入れ子/vp1m0v0z705k/2.0.0/po80zg783iv7hx5vu0ld/assets/export/prd/main/index.html beat video無し
 [probe]  99006ms 枠3/ beat video rs=4 t=3984.7 | appendBuffer=2 appendBytes=1544107
 [probe] 145003ms 枠1/ beat video無し
 [probe] 136008ms 枠2/ beat video無し
 [probe]  84005ms 入れ子/supervisor/v1/index.html?in=web beat video無し
 [probe]  84008ms 入れ子/vp1m0v0z705k/2.0.0/po80zg783iv7hx5vu0ld/assets/export/prd/main/index.html beat video無し
 [probe] 100006ms 枠3/ beat video rs=4 t=3985.7
 [probe] 146004ms 枠1/ beat video無し
 [probe] 137002ms 枠2/ beat video無し
 [probe]  85005ms 入れ子/supervisor/v1/index.html?in=web beat video無し
 [probe]  85008ms 入れ子/vp1m0v0z705k/2.0.0/po80zg783iv7hx5vu0ld/assets/export/prd/main/index.html beat video無し
 [probe] 101003ms 枠3/ beat video rs=4 t=3986.7 | appendBuffer=2 appendBytes=1545699
 [probe] 147003ms 枠1/ beat video無し
 [probe] 138010ms 枠2/ beat video無し
 [probe]  86005ms 入れ子/supervisor/v1/index.html?in=web beat video無し
 [probe]  86010ms 入れ子/vp1m0v0z705k/2.0.0/po80zg783iv7hx5vu0ld/assets/export/prd/main/index.html beat video無し
 [probe] 102008ms 枠3/ beat video rs=4 t=3987.7
 [probe] 148006ms 枠1/ beat video無し
 [probe] 139005ms 枠2/ beat video無し
 [probe]  87005ms 入れ子/supervisor/v1/index.html?in=web beat video無し
 [probe]  87008ms 入れ子/vp1m0v0z705k/2.0.0/po80zg783iv7hx5vu0ld/assets/export/prd/main/index.html beat video無し
 [probe] 103010ms 枠3/ beat video rs=4 t=3988.7 | appendBuffer=2 appendBytes=1543923
 [probe] 149009ms 枠1/ beat video無し
 [probe] 140002ms 枠2/ beat video無し
 [probe]  88005ms 入れ子/supervisor/v1/index.html?in=web beat video無し
 [probe]  88001ms 入れ子/vp1m0v0z705k/2.0.0/po80zg783iv7hx5vu0ld/assets/export/prd/main/index.html beat video無し
 [probe] 104010ms 枠3/ beat video rs=4 t=3989.7
 [probe] 150003ms 枠1/ beat video無し
 [probe] 141009ms 枠2/ beat video無し
 [probe]  89006ms 入れ子/supervisor/v1/index.html?in=web beat video無し
 [probe]  89001ms 入れ子/vp1m0v0z705k/2.0.0/po80zg783iv7hx5vu0ld/assets/export/prd/main/index.html beat video無し
 [probe] 105006ms 枠3/ beat video rs=4 t=3990.7 | appendBuffer=2 appendBytes=1544153
 [probe] 151005ms 枠1/ beat video無し
 [probe] 142004ms 枠2/ beat video無し
 [probe]  90005ms 入れ子/supervisor/v1/index.html?in=web beat video無し
 [probe]  90008ms 入れ子/vp1m0v0z705k/2.0.0/po80zg783iv7hx5vu0ld/assets/export/prd/main/index.html beat video無し
 [probe] 106004ms 枠3/ beat video rs=4 t=3991.7
 [probe] 152004ms 枠1/ beat video無し
 [probe] 143009ms 枠2/ beat video無し
 [probe]  91006ms 入れ子/supervisor/v1/index.html?in=web beat video無し
 [probe]  91008ms 入れ子/vp1m0v0z705k/2.0.0/po80zg783iv7hx5vu0ld/assets/export/prd/main/index.html beat video無し
 [probe] 107013ms 枠3/ beat video rs=4 t=3992.7 | appendBuffer=2 appendBytes=1543978
 [probe] 153003ms 枠1/ beat video無し
 [probe] 144014ms 枠2/ beat video無し
 [probe]  92005ms 入れ子/supervisor/v1/index.html?in=web beat video無し
 [probe]  92008ms 入れ子/vp1m0v0z705k/2.0.0/po80zg783iv7hx5vu0ld/assets/export/prd/main/index.html beat video無し
 [probe] 108004ms 枠3/ beat video rs=4 t=3993.7
 [probe] 154003ms 枠1/ beat video無し
 [probe] 145003ms 枠2/ beat video無し
 [probe]  93005ms 入れ子/supervisor/v1/index.html?in=web beat video無し
 [probe]  93008ms 入れ子/vp1m0v0z705k/2.0.0/po80zg783iv7hx5vu0ld/assets/export/prd/main/index.html beat video無し
 [probe] 109003ms 枠3/ beat video rs=4 t=3994.7 | appendBuffer=2 appendBytes=1545716
 [probe] 155011ms 枠1/ beat video無し
multiview.js?v=0.7.4:223 [probe] 146009ms 枠2/ beat video無し
multiview.js?v=0.7.4:223 [probe]  94006ms 入れ子/supervisor/v1/index.html?in=web beat video無し
multiview.js?v=0.7.4:223 [probe]  94007ms 入れ子/vp1m0v0z705k/2.0.0/po80zg783iv7hx5vu0ld/assets/export/prd/main/index.html beat video無し
multiview.js?v=0.7.4:223 [probe] 110006ms 枠3/ beat video rs=4 t=3995.7
multiview.js?v=0.7.4:223 [probe] 156003ms 枠1/ beat video無し
multiview.js?v=0.7.4:223 [probe] 147005ms 枠2/ beat video無し
multiview.js?v=0.7.4:223 [probe]  95005ms 入れ子/supervisor/v1/index.html?in=web beat video無し
multiview.js?v=0.7.4:223 [probe]  95003ms 入れ子/vp1m0v0z705k/2.0.0/po80zg783iv7hx5vu0ld/assets/export/prd/main/index.html beat video無し
multiview.js?v=0.7.4:223 [probe] 111013ms 枠3/ beat video rs=4 t=3996.7 | appendBuffer=2 appendBytes=1544290
multiview.js?v=0.7.4:223 [probe] 157004ms 枠1/ beat video無し
multiview.js?v=0.7.4:223 [probe] 148006ms 枠2/ beat video無し
multiview.js?v=0.7.4:223 [probe]  96002ms 入れ子/supervisor/v1/index.html?in=web beat video無し
multiview.js?v=0.7.4:223 [probe]  96000ms 入れ子/vp1m0v0z705k/2.0.0/po80zg783iv7hx5vu0ld/assets/export/prd/main/index.html beat video無し
multiview.js?v=0.7.4:223 [probe] 112006ms 枠3/ beat video rs=4 t=3997.7
multiview.js?v=0.7.4:223 [probe] 158005ms 枠1/ beat video無し
multiview.js?v=0.7.4:223 [probe] 149009ms 枠2/ beat video無し
multiview.js?v=0.7.4:223 [probe]  97005ms 入れ子/supervisor/v1/index.html?in=web beat video無し
multiview.js?v=0.7.4:223 [probe]  97008ms 入れ子/vp1m0v0z705k/2.0.0/po80zg783iv7hx5vu0ld/assets/export/prd/main/index.html beat video無し
multiview.js?v=0.7.4:223 [probe] 113004ms 枠3/ beat video rs=4 t=3998.7 | appendBuffer=2 appendBytes=1544257
multiview.js?v=0.7.4:223 [probe] 159004ms 枠1/ beat video無し
multiview.js?v=0.7.4:223 [probe] 150009ms 枠2/ beat video無し
multiview.js?v=0.7.4:223 [probe]  98006ms 入れ子/supervisor/v1/index.html?in=web beat video無し
multiview.js?v=0.7.4:223 [probe]  98004ms 入れ子/vp1m0v0z705k/2.0.0/po80zg783iv7hx5vu0ld/assets/export/prd/main/index.html beat video無し
multiview.js?v=0.7.4:223 [probe] 114011ms 枠3/ beat video rs=4 t=3999.7
multiview.js?v=0.7.4:223 [probe] 160010ms 枠1/ beat video無し
multiview.js?v=0.7.4:223 [probe] 151006ms 枠2/ beat video無し
multiview.js?v=0.7.4:223 [probe]  99005ms 入れ子/supervisor/v1/index.html?in=web beat video無し
multiview.js?v=0.7.4:223 [probe]  99008ms 入れ子/vp1m0v0z705k/2.0.0/po80zg783iv7hx5vu0ld/assets/export/prd/main/index.html beat video無し
multiview.js?v=0.7.4:223 [probe] 115005ms 枠3/ beat video rs=4 t=4000.7 | appendBuffer=2 appendBytes=1544177
multiview.js?v=0.7.4:223 [probe] 161054ms 枠1/ beat video無し
multiview.js?v=0.7.4:223 [probe] 152002ms 枠2/ beat video無し
multiview.js?v=0.7.4:223 [probe] 100006ms 入れ子/supervisor/v1/index.html?in=web beat video無し
multiview.js?v=0.7.4:223 [probe] 100008ms 入れ子/vp1m0v0z705k/2.0.0/po80zg783iv7hx5vu0ld/assets/export/prd/main/index.html beat video無し
multiview.js?v=0.7.4:223 [probe] 116002ms 枠3/ beat video rs=4 t=4001.7
multiview.js?v=0.7.4:223 [probe] 162012ms 枠1/ beat video無し
multiview.js?v=0.7.4:223 [probe] 153002ms 枠2/ beat video無し
multiview.js?v=0.7.4:223 [probe] 101006ms 入れ子/supervisor/v1/index.html?in=web beat video無し
multiview.js?v=0.7.4:223 [probe] 101009ms 入れ子/vp1m0v0z705k/2.0.0/po80zg783iv7hx5vu0ld/assets/export/prd/main/index.html beat video無し
multiview.js?v=0.7.4:223 [probe] 117013ms 枠3/ beat video rs=4 t=4002.7 | appendBuffer=2 appendBytes=1546054
multiview.js?v=0.7.4:223 [probe] 163006ms 枠1/ beat video無し
multiview.js?v=0.7.4:223 [probe] 154002ms 枠2/ beat video無し
multiview.js?v=0.7.4:223 [probe] 102005ms 入れ子/supervisor/v1/index.html?in=web beat video無し
multiview.js?v=0.7.4:223 [probe] 102002ms 入れ子/vp1m0v0z705k/2.0.0/po80zg783iv7hx5vu0ld/assets/export/prd/main/index.html beat video無し
multiview.js?v=0.7.4:223 [probe] 118010ms 枠3/ beat video rs=4 t=4003.7
multiview.js?v=0.7.4:223 [probe] 164007ms 枠1/ beat video無し
multiview.js?v=0.7.4:223 [probe] 155011ms 枠2/ beat video無し
multiview.js?v=0.7.4:223 [probe] 103002ms 入れ子/supervisor/v1/index.html?in=web beat video無し
multiview.js?v=0.7.4:223 [probe] 103009ms 入れ子/vp1m0v0z705k/2.0.0/po80zg783iv7hx5vu0ld/assets/export/prd/main/index.html beat video無し
multiview.js?v=0.7.4:223 [probe] 119006ms 枠3/ beat video rs=4 t=4004.7 | appendBuffer=2 appendBytes=1544617
multiview.js?v=0.7.4:223 [probe] 165014ms 枠1/ beat video無し
multiview.js?v=0.7.4:223 [probe] 156002ms 枠2/ beat video無し
multiview.js?v=0.7.4:223 [probe] 104004ms 入れ子/supervisor/v1/index.html?in=web beat video無し
multiview.js?v=0.7.4:223 [probe] 104004ms 入れ子/vp1m0v0z705k/2.0.0/po80zg783iv7hx5vu0ld/assets/export/prd/main/index.html beat video無し
multiview.js?v=0.7.4:223 [probe] 120010ms 枠3/ beat video rs=4 t=4005.7
multiview.js?v=0.7.4:223 [probe] 166012ms 枠1/ beat video無し
multiview.js?v=0.7.4:223 [probe] 157009ms 枠2/ beat video無し
multiview.js?v=0.7.4:223 [probe] 105003ms 入れ子/supervisor/v1/index.html?in=web beat video無し
multiview.js?v=0.7.4:223 [probe] 105005ms 入れ子/vp1m0v0z705k/2.0.0/po80zg783iv7hx5vu0ld/assets/export/prd/main/index.html beat video無し
 [probe] 121013ms 枠3/ beat video rs=4 t=4006.7 | appendBuffer=2 appendBytes=1544633
 [probe] 167003ms 枠1/ beat video無し
 [probe] 158009ms 枠2/ beat video無し
 [probe] 106006ms 入れ子/supervisor/v1/index.html?in=web beat video無し
 [probe] 106008ms 入れ子/vp1m0v0z705k/2.0.0/po80zg783iv7hx5vu0ld/assets/export/prd/main/index.html beat video無し
 [probe] 122013ms 枠3/ beat video rs=4 t=4007.7
 [probe] 168016ms 枠1/ beat video無し
 [probe] 159009ms 枠2/ beat video無し
 [probe] 107006ms 入れ子/supervisor/v1/index.html?in=web beat video無し
 [probe] 107008ms 入れ子/vp1m0v0z705k/2.0.0/po80zg783iv7hx5vu0ld/assets/export/prd/main/index.html beat video無し
 [probe] 123006ms 枠3/ beat video rs=4 t=4008.7 | appendBuffer=2 appendBytes=1544096
 [probe] 169004ms 枠1/ beat video無し
 [probe] 160005ms 枠2/ beat video無し
 [probe] 108006ms 入れ子/supervisor/v1/index.html?in=web beat video無し
 [probe] 108009ms 入れ子/vp1m0v0z705k/2.0.0/po80zg783iv7hx5vu0ld/assets/export/prd/main/index.html beat video無し
 [probe] 124003ms 枠3/ beat video rs=4 t=4009.7
 [probe] 170005ms 枠1/ beat video無し
 [probe] 161003ms 枠2/ beat video無し
 [probe] 109006ms 入れ子/supervisor/v1/index.html?in=web beat video無し
 [probe] 109009ms 入れ子/vp1m0v0z705k/2.0.0/po80zg783iv7hx5vu0ld/assets/export/prd/main/index.html beat video無し
 [probe] 125004ms 枠3/ beat video rs=4 t=4010.7 | appendBuffer=2 appendBytes=1545899
 [probe] 171005ms 枠1/ beat video無し
 [probe] 162002ms 枠2/ beat video無し
 [probe] 110006ms 入れ子/supervisor/v1/index.html?in=web beat video無し
 [probe] 110008ms 入れ子/vp1m0v0z705k/2.0.0/po80zg783iv7hx5vu0ld/assets/export/prd/main/index.html beat video無し
 [probe] 126004ms 枠3/ beat video rs=4 t=4011.7
 [probe] 172004ms 枠1/ beat video無し
 [probe] 163004ms 枠2/ beat video無し
 [probe] 111006ms 入れ子/supervisor/v1/index.html?in=web beat video無し
 [probe] 111008ms 入れ子/vp1m0v0z705k/2.0.0/po80zg783iv7hx5vu0ld/assets/export/prd/main/index.html beat video無し
 [probe] 127003ms 枠3/ beat video rs=4 t=4012.7 | appendBuffer=2 appendBytes=1544171
 [probe] 173005ms 枠1/ beat video無し
 [probe] 164002ms 枠2/ beat video無し
 [probe] 112006ms 入れ子/supervisor/v1/index.html?in=web beat video無し
 [probe] 112008ms 入れ子/vp1m0v0z705k/2.0.0/po80zg783iv7hx5vu0ld/assets/export/prd/main/index.html beat video無し
 [probe] 128002ms 枠3/ beat video rs=4 t=4013.7
 [probe] 174004ms 枠1/ beat video無し
 [probe] 165010ms 枠2/ beat video無し
 [probe] 113004ms 入れ子/supervisor/v1/index.html?in=web beat video無し
 [probe] 113007ms 入れ子/vp1m0v0z705k/2.0.0/po80zg783iv7hx5vu0ld/assets/export/prd/main/index.html beat video無し
 [probe] 129014ms 枠3/ beat video rs=4 t=4014.7 | appendBuffer=2 appendBytes=1544315
 [probe] 175004ms 枠1/ beat video無し
 [probe] 166009ms 枠2/ beat video無し
 [probe] 114003ms 入れ子/supervisor/v1/index.html?in=web beat video無し
 [probe] 114007ms 入れ子/vp1m0v0z705k/2.0.0/po80zg783iv7hx5vu0ld/assets/export/prd/main/index.html beat video無し
 [probe] 130013ms 枠3/ beat video rs=4 t=4015.7
 [probe] 176004ms 枠1/ beat video無し
 [probe] 167002ms 枠2/ beat video無し
 [probe] 115006ms 入れ子/supervisor/v1/index.html?in=web beat video無し
 [probe] 115001ms 入れ子/vp1m0v0z705k/2.0.0/po80zg783iv7hx5vu0ld/assets/export/prd/main/index.html beat video無し
